SANDBOX,kodim01.ppm,ZFFCTRL,B-ADAPT,KPROD,546852,0,0,0,546852,1,1,0.000,0.0000,0.0000,-6.3959
BRACKET,kodim01.ppm,584218,546852,4622834.334,4091650.433,4049089.745,4621241.314,4089773.496,4025422.583
SANDBOX,kodim01.ppm,ZFFCTRL,B-IDEAL,KSHARED,577855,390,0,0,578245,1,1,4622837.474,4622834.334,-5.741,-1.0224
SANDBOX,kodim01.ppm,ZFFCTRL,B-IDEAL,KFLAT16,511463,3007,0,0,514470,1,1,4091700.921,4091650.433,5.922,-11.9387
SANDBOX,kodim01.ppm,ZFFCTRL,B-IDEAL,KFLAT343,506399,58227,0,0,564626,1,1,4051185.434,4049089.745,-3.250,-3.3535
T1,kodim01.ppm,ADAPT,ycocgr,NONE,B-ADAPT,546852,0,0,0,0,546852,1,1,0.000,0,-8.1120
T1,kodim01.ppm,SPINE,ycocgr,NONE,B-IDEAL,511463,3007,26,0,0,514496,1,1,4091700.921,16,-1.1156
T1,kodim01.ppm,SPINE,ycocgr,NONE,B-RANS,511589,3007,26,0,0,514622,1,1,4091700.921,16,-1.1405
T1,kodim01.ppm,ADAPT,rct-grb,NONE,B-ADAPT,541754,0,0,0,0,541754,1,1,0.000,0,-7.1041
T1,kodim01.ppm,SPINE,rct-grb,NONE,B-IDEAL,511150,3063,26,0,0,514239,1,1,4089195.576,16,-1.0537
T1,kodim01.ppm,SPINE,rct-grb,NONE,B-RANS,511276,3063,26,0,0,514365,1,1,4089195.576,16,-1.0786
T1,kodim01.ppm,ADAPT,rct-gbr,NONE,B-ADAPT,538185,0,0,0,0,538185,1,1,0.000,0,-6.3985
T1,kodim01.ppm,SPINE,rct-gbr,NONE,B-IDEAL,505696,3022,26,0,0,508744,1,1,4045566.547,16,0.0245
T1,kodim01.ppm,SPINE,rct-gbr,NONE,B-RANS,505822,3022,26,0,0,508870,1,1,4045566.547,16,-0.0004
T1,kodim01.ppm,ADAPT,rct-rbg,NONE,B-ADAPT,538184,0,0,0,0,538184,1,1,0.000,0,-6.3983
T1,kodim01.ppm,SPINE,rct-rbg,NONE,B-IDEAL,505694,3017,26,0,0,508737,1,1,4045551.219,16,0.0249
T1,kodim01.ppm,SPINE,rct-rbg,NONE,B-RANS,505820,3017,26,0,0,508863,1,1,4045551.219,16,0.0000
T1,kodim01.ppm,ADAPT,rct-brg,NONE,B-ADAPT,541755,0,0,0,0,541755,1,1,0.000,0,-7.1043
T1,kodim01.ppm,SPINE,rct-brg,NONE,B-IDEAL,511151,3059,26,0,0,514236,1,1,4089200.461,16,-1.0539
T1,kodim01.ppm,SPINE,rct-brg,NONE,B-RANS,511277,3059,26,0,0,514362,1,1,4089200.461,16,-1.0788
T1,kodim01.ppm,ADAPT,rct-bgr,NONE,B-ADAPT,546853,0,0,0,0,546853,1,1,0.000,0,-8.1122
T1,kodim01.ppm,SPINE,rct-bgr,NONE,B-IDEAL,511467,3010,26,0,0,514503,1,1,4091730.120,16,-1.1164
T1,kodim01.ppm,SPINE,rct-bgr,NONE,B-RANS,511593,3010,26,0,0,514629,1,1,4091730.120,16,-1.1413
T1,kodim01.ppm,ADAPT,loco,NONE,B-ADAPT,538531,0,0,0,0,538531,1,1,0.000,0,-6.4669
T1,kodim01.ppm,SPINE,loco,NONE,B-IDEAL,506334,3062,26,0,0,509422,1,1,4050670.010,16,-0.1016
T1,kodim01.ppm,SPINE,loco,NONE,B-RANS,506459,3062,26,0,0,509547,1,1,4050670.010,16,-0.1263
T3,kodim01.ppm,MED,ZFFCTRL,ycocgr,B-IDEAL,511463,3007,26,0,0,514496,1,1,4091700.921
T3,kodim01.ppm,MED,ZFFCTRL,ycocgr,B-RANS,511589,3007,26,0,0,514622,1,1,4091700.921
T3,kodim01.ppm,MED,ZFFCTRL,rct-grb,B-IDEAL,511150,3063,26,0,0,514239,1,1,4089195.576
T3,kodim01.ppm,MED,ZFFCTRL,rct-grb,B-RANS,511276,3063,26,0,0,514365,1,1,4089195.576
T3,kodim01.ppm,MED,ZFFCTRL,rct-gbr,B-IDEAL,505696,3022,26,0,0,508744,1,1,4045566.547
T3,kodim01.ppm,MED,ZFFCTRL,rct-gbr,B-RANS,505822,3022,26,0,0,508870,1,1,4045566.547
T3,kodim01.ppm,MED,ZFFCTRL,rct-rbg,B-IDEAL,505694,3017,26,0,0,508737,1,1,4045551.219
T3,kodim01.ppm,MED,ZFFCTRL,rct-rbg,B-RANS,505820,3017,26,0,0,508863,1,1,4045551.219
T3,kodim01.ppm,MED,ZFFCTRL,rct-brg,B-IDEAL,511151,3059,26,0,0,514236,1,1,4089200.461
T3,kodim01.ppm,MED,ZFFCTRL,rct-brg,B-RANS,511277,3059,26,0,0,514362,1,1,4089200.461
T3,kodim01.ppm,MED,ZFFCTRL,rct-bgr,B-IDEAL,511467,3010,26,0,0,514503,1,1,4091730.120
T3,kodim01.ppm,MED,ZFFCTRL,rct-bgr,B-RANS,511593,3010,26,0,0,514629,1,1,4091730.120
T3,kodim01.ppm,MED,ZFFCTRL,loco,B-IDEAL,506334,3062,26,0,0,509422,1,1,4050670.010
T3,kodim01.ppm,MED,ZFFCTRL,loco,B-RANS,506459,3062,26,0,0,509547,1,1,4050670.010
T3,kodim01.ppm,MED,HYB-C,ycocgr,B-IDEAL,632667,3210,26,0,0,635903,1,1,5061328.194
T3,kodim01.ppm,MED,HYB-C,ycocgr,B-RANS,632866,3210,26,0,0,636102,1,1,5061328.194
T3,kodim01.ppm,MED,HYB-C,rct-grb,B-IDEAL,636963,3274,26,0,0,640263,1,1,5095700.527
T3,kodim01.ppm,MED,HYB-C,rct-grb,B-RANS,637165,3274,26,0,0,640465,1,1,5095700.527
T3,kodim01.ppm,MED,HYB-C,rct-gbr,B-IDEAL,632754,3257,26,0,0,636037,1,1,5062026.079
T3,kodim01.ppm,MED,HYB-C,rct-gbr,B-RANS,632954,3257,26,0,0,636237,1,1,5062026.079
T3,kodim01.ppm,MED,HYB-C,rct-rbg,B-IDEAL,632752,3247,26,0,0,636025,1,1,5062010.750
T3,kodim01.ppm,MED,HYB-C,rct-rbg,B-RANS,632953,3247,26,0,0,636226,1,1,5062010.750
T3,kodim01.ppm,MED,HYB-C,rct-brg,B-IDEAL,636964,3263,26,0,0,640253,1,1,5095705.413
T3,kodim01.ppm,MED,HYB-C,rct-brg,B-RANS,637166,3263,26,0,0,640455,1,1,5095705.413
T3,kodim01.ppm,MED,HYB-C,rct-bgr,B-IDEAL,632670,3214,26,0,0,635910,1,1,5061357.393
T3,kodim01.ppm,MED,HYB-C,rct-bgr,B-RANS,632869,3214,26,0,0,636109,1,1,5061357.393
T3,kodim01.ppm,MED,HYB-C,loco,B-IDEAL,633932,3326,26,0,0,637284,1,1,5071454.927
T3,kodim01.ppm,MED,HYB-C,loco,B-RANS,634133,3326,26,0,0,637485,1,1,5071454.927
T3,kodim01.ppm,GAP,ZFFCTRL,ycocgr,B-IDEAL,552844,2969,26,0,0,555839,1,1,4422744.768
T3,kodim01.ppm,GAP,ZFFCTRL,ycocgr,B-RANS,552972,2969,26,0,0,555967,1,1,4422744.768
T3,kodim01.ppm,GAP,ZFFCTRL,rct-grb,B-IDEAL,550453,2955,26,0,0,553434,1,1,4403619.334
T3,kodim01.ppm,GAP,ZFFCTRL,rct-grb,B-RANS,550580,2955,26,0,0,553561,1,1,4403619.334
T3,kodim01.ppm,GAP,ZFFCTRL,rct-gbr,B-IDEAL,551150,2976,26,0,0,554152,1,1,4409197.463
T3,kodim01.ppm,GAP,ZFFCTRL,rct-gbr,B-RANS,551276,2976,26,0,0,554278,1,1,4409197.463
T3,kodim01.ppm,GAP,ZFFCTRL,rct-rbg,B-IDEAL,551063,2949,26,0,0,554038,1,1,4408503.843
T3,kodim01.ppm,GAP,ZFFCTRL,rct-rbg,B-RANS,551190,2949,26,0,0,554165,1,1,4408503.843
T3,kodim01.ppm,GAP,ZFFCTRL,rct-brg,B-IDEAL,550546,2959,26,0,0,553531,1,1,4404366.810
T3,kodim01.ppm,GAP,ZFFCTRL,rct-brg,B-RANS,550671,2959,26,0,0,553656,1,1,4404366.810
T3,kodim01.ppm,GAP,ZFFCTRL,rct-bgr,B-IDEAL,552877,2966,26,0,0,555869,1,1,4423013.943
T3,kodim01.ppm,GAP,ZFFCTRL,rct-bgr,B-RANS,553004,2966,26,0,0,555996,1,1,4423013.943
T3,kodim01.ppm,GAP,ZFFCTRL,loco,B-IDEAL,552590,2928,26,0,0,555544,1,1,4420716.573
T3,kodim01.ppm,GAP,ZFFCTRL,loco,B-RANS,552717,2928,26,0,0,555671,1,1,4420716.573
T3,kodim01.ppm,GAP,HYB-C,ycocgr,B-IDEAL,693293,3264,26,0,0,696583,1,1,5546337.763
T3,kodim01.ppm,GAP,HYB-C,ycocgr,B-RANS,693502,3264,26,0,0,696792,1,1,5546337.763
T3,kodim01.ppm,GAP,HYB-C,rct-grb,B-IDEAL,690944,3238,26,0,0,694208,1,1,5527545.646
T3,kodim01.ppm,GAP,HYB-C,rct-grb,B-RANS,691152,3238,26,0,0,694416,1,1,5527545.646
T3,kodim01.ppm,GAP,HYB-C,rct-gbr,B-IDEAL,692566,3304,26,0,0,695896,1,1,5540526.311
T3,kodim01.ppm,GAP,HYB-C,rct-gbr,B-RANS,692776,3304,26,0,0,696106,1,1,5540526.311
T3,kodim01.ppm,GAP,HYB-C,rct-rbg,B-IDEAL,692201,3282,26,0,0,695509,1,1,5537605.784
T3,kodim01.ppm,GAP,HYB-C,rct-rbg,B-RANS,692411,3282,26,0,0,695719,1,1,5537605.784
T3,kodim01.ppm,GAP,HYB-C,rct-brg,B-IDEAL,691114,3236,26,0,0,694376,1,1,5528911.595
T3,kodim01.ppm,GAP,HYB-C,rct-brg,B-RANS,691321,3236,26,0,0,694583,1,1,5528911.595
T3,kodim01.ppm,GAP,HYB-C,rct-bgr,B-IDEAL,693362,3266,26,0,0,696654,1,1,5546890.298
T3,kodim01.ppm,GAP,HYB-C,rct-bgr,B-RANS,693570,3266,26,0,0,696862,1,1,5546890.298
T3,kodim01.ppm,GAP,HYB-C,loco,B-IDEAL,693147,3299,26,0,0,696472,1,1,5545173.299
T3,kodim01.ppm,GAP,HYB-C,loco,B-RANS,693356,3299,26,0,0,696681,1,1,5545173.299
T3,kodim01.ppm,W,ZFFCTRL,ycocgr,B-IDEAL,541316,3226,26,0,0,544568,1,1,4330520.448
T3,kodim01.ppm,W,ZFFCTRL,ycocgr,B-RANS,541442,3226,26,0,0,544694,1,1,4330520.448
T3,kodim01.ppm,W,ZFFCTRL,rct-grb,B-IDEAL,539072,3176,26,0,0,542274,1,1,4312573.675
T3,kodim01.ppm,W,ZFFCTRL,rct-grb,B-RANS,539198,3176,26,0,0,542400,1,1,4312573.675
T3,kodim01.ppm,W,ZFFCTRL,rct-gbr,B-IDEAL,539514,3213,26,0,0,542753,1,1,4316105.342
T3,kodim01.ppm,W,ZFFCTRL,rct-gbr,B-RANS,539638,3213,26,0,0,542877,1,1,4316105.342
T3,kodim01.ppm,W,ZFFCTRL,rct-rbg,B-IDEAL,539514,3205,26,0,0,542745,1,1,4316107.528
T3,kodim01.ppm,W,ZFFCTRL,rct-rbg,B-RANS,539641,3205,26,0,0,542872,1,1,4316107.528
T3,kodim01.ppm,W,ZFFCTRL,rct-brg,B-IDEAL,539073,3184,26,0,0,542283,1,1,4312577.631
T3,kodim01.ppm,W,ZFFCTRL,rct-brg,B-RANS,539197,3184,26,0,0,542407,1,1,4312577.631
T3,kodim01.ppm,W,ZFFCTRL,rct-bgr,B-IDEAL,541343,3223,26,0,0,544592,1,1,4330736.078
T3,kodim01.ppm,W,ZFFCTRL,rct-bgr,B-RANS,541469,3223,26,0,0,544718,1,1,4330736.078
T3,kodim01.ppm,W,ZFFCTRL,loco,B-IDEAL,540427,3173,26,0,0,543626,1,1,4323411.573
T3,kodim01.ppm,W,ZFFCTRL,loco,B-RANS,540553,3173,26,0,0,543752,1,1,4323411.573
T3,kodim01.ppm,W,HYB-C,ycocgr,B-IDEAL,677447,3363,26,0,0,680836,1,1,5419569.637
T3,kodim01.ppm,W,HYB-C,ycocgr,B-RANS,677656,3363,26,0,0,681045,1,1,5419569.637
T3,kodim01.ppm,W,HYB-C,rct-grb,B-IDEAL,674792,3314,26,0,0,678132,1,1,5398328.274
T3,kodim01.ppm,W,HYB-C,rct-grb,B-RANS,675000,3314,26,0,0,678340,1,1,5398328.274
T3,kodim01.ppm,W,HYB-C,rct-gbr,B-IDEAL,676842,3346,26,0,0,680214,1,1,5414732.853
T3,kodim01.ppm,W,HYB-C,rct-gbr,B-RANS,677051,3346,26,0,0,680423,1,1,5414732.853
T3,kodim01.ppm,W,HYB-C,rct-rbg,B-IDEAL,676843,3331,26,0,0,680200,1,1,5414737.091
T3,kodim01.ppm,W,HYB-C,rct-rbg,B-RANS,677050,3331,26,0,0,680407,1,1,5414737.091
T3,kodim01.ppm,W,HYB-C,rct-brg,B-IDEAL,674792,3328,26,0,0,678146,1,1,5398331.369
T3,kodim01.ppm,W,HYB-C,rct-brg,B-RANS,674998,3328,26,0,0,678352,1,1,5398331.369
T3,kodim01.ppm,W,HYB-C,rct-bgr,B-IDEAL,677474,3355,26,0,0,680855,1,1,5419785.267
T3,kodim01.ppm,W,HYB-C,rct-bgr,B-RANS,677682,3355,26,0,0,681063,1,1,5419785.267
T3,kodim01.ppm,W,HYB-C,loco,B-IDEAL,677282,3280,26,0,0,680588,1,1,5418250.391
T3,kodim01.ppm,W,HYB-C,loco,B-RANS,677490,3280,26,0,0,680796,1,1,5418250.391
T3CELL,kodim01.ppm,MED,ZFFCTRL,3,505820,3017,508863
T3CELL,kodim01.ppm,MED,ZZHU,0,632866,3210,636102
T3CELL,kodim01.ppm,GAP,ZFFCTRL,1,550580,2955,553561
T3CELL,kodim01.ppm,GAP,ZZHU,1,691152,3238,694416
T3CELL,kodim01.ppm,W,ZFFCTRL,1,539198,3176,542400
T3CELL,kodim01.ppm,W,ZZHU,1,675000,3314,678340
SANDBOX,kodim05.ppm,ZFFCTRL,B-ADAPT,KPROD,593697,0,0,0,593697,1,1,0.000,0.0000,0.0000,-5.4988
BRACKET,kodim05.ppm,628243,593697,4940074.430,4454199.143,4379262.189,4938911.249,4452553.802,4351307.260
SANDBOX,kodim05.ppm,ZFFCTRL,B-IDEAL,KSHARED,617510,390,0,0,617900,1,1,4940077.480,4940074.430,-4.077,-1.6463
SANDBOX,kodim05.ppm,ZFFCTRL,B-IDEAL,KFLAT16,556782,3087,0,0,559869,1,1,4454248.540,4454199.143,5.698,-10.8834
SANDBOX,kodim05.ppm,ZFFCTRL,B-IDEAL,KFLAT343,547685,59347,0,0,607032,1,1,4381474.094,4379262.189,-2.246,-3.3762
T1,kodim05.ppm,ADAPT,ycocgr,NONE,B-ADAPT,593697,0,0,0,0,593697,1,1,0.000,0,-7.7068
T1,kodim05.ppm,SPINE,ycocgr,NONE,B-IDEAL,556782,3087,26,0,0,559895,1,1,4454248.540,16,-1.0098
T1,kodim05.ppm,SPINE,ycocgr,NONE,B-RANS,556907,3087,26,0,0,560020,1,1,4454248.540,16,-1.0324
T1,kodim05.ppm,ADAPT,rct-grb,NONE,B-ADAPT,590365,0,0,0,0,590365,1,1,0.000,0,-7.1023
T1,kodim05.ppm,SPINE,rct-grb,NONE,B-IDEAL,556659,3037,26,0,0,559722,1,1,4453267.663,16,-0.9875
T1,kodim05.ppm,SPINE,rct-grb,NONE,B-RANS,556783,3037,26,0,0,559846,1,1,4453267.663,16,-1.0099
T1,kodim05.ppm,ADAPT,rct-gbr,NONE,B-ADAPT,586946,0,0,0,0,586946,1,1,0.000,0,-6.4820
T1,kodim05.ppm,SPINE,rct-gbr,NONE,B-IDEAL,551091,3062,26,0,0,554179,1,1,4408721.728,16,0.0227
T1,kodim05.ppm,SPINE,rct-gbr,NONE,B-RANS,551215,3062,26,0,0,554303,1,1,4408721.728,16,0.0002
T1,kodim05.ppm,ADAPT,rct-rbg,NONE,B-ADAPT,586946,0,0,0,0,586946,1,1,0.000,0,-6.4820
T1,kodim05.ppm,SPINE,rct-rbg,NONE,B-IDEAL,551090,3054,26,0,0,554170,1,1,4408717.378,16,0.0229
T1,kodim05.ppm,SPINE,rct-rbg,NONE,B-RANS,551216,3054,26,0,0,554296,1,1,4408717.378,16,0.0000
T1,kodim05.ppm,ADAPT,rct-brg,NONE,B-ADAPT,590365,0,0,0,0,590365,1,1,0.000,0,-7.1023
T1,kodim05.ppm,SPINE,rct-brg,NONE,B-IDEAL,556675,3024,26,0,0,559725,1,1,4453394.826,16,-0.9904
T1,kodim05.ppm,SPINE,rct-brg,NONE,B-RANS,556802,3024,26,0,0,559852,1,1,4453394.826,16,-1.0134
T1,kodim05.ppm,ADAPT,rct-bgr,NONE,B-ADAPT,593698,0,0,0,0,593698,1,1,0.000,0,-7.7070
T1,kodim05.ppm,SPINE,rct-bgr,NONE,B-IDEAL,556782,3087,26,0,0,559895,1,1,4454255.237,16,-1.0098
T1,kodim05.ppm,SPINE,rct-bgr,NONE,B-RANS,556907,3087,26,0,0,560020,1,1,4454255.237,16,-1.0324
T1,kodim05.ppm,ADAPT,loco,NONE,B-ADAPT,587830,0,0,0,0,587830,1,1,0.000,0,-6.6424
T1,kodim05.ppm,SPINE,loco,NONE,B-IDEAL,552367,3054,26,0,0,555447,1,1,4418929.399,16,-0.2088
T1,kodim05.ppm,SPINE,loco,NONE,B-RANS,552493,3054,26,0,0,555573,1,1,4418929.399,16,-0.2317
T3,kodim05.ppm,MED,ZFFCTRL,ycocgr,B-IDEAL,556782,3087,26,0,0,559895,1,1,4454248.540
T3,kodim05.ppm,MED,ZFFCTRL,ycocgr,B-RANS,556907,3087,26,0,0,560020,1,1,4454248.540
T3,kodim05.ppm,MED,ZFFCTRL,rct-grb,B-IDEAL,556659,3037,26,0,0,559722,1,1,4453267.663
T3,kodim05.ppm,MED,ZFFCTRL,rct-grb,B-RANS,556783,3037,26,0,0,559846,1,1,4453267.663
T3,kodim05.ppm,MED,ZFFCTRL,rct-gbr,B-IDEAL,551091,3062,26,0,0,554179,1,1,4408721.728
T3,kodim05.ppm,MED,ZFFCTRL,rct-gbr,B-RANS,551215,3062,26,0,0,554303,1,1,4408721.728
T3,kodim05.ppm,MED,ZFFCTRL,rct-rbg,B-IDEAL,551090,3054,26,0,0,554170,1,1,4408717.378
T3,kodim05.ppm,MED,ZFFCTRL,rct-rbg,B-RANS,551216,3054,26,0,0,554296,1,1,4408717.378
T3,kodim05.ppm,MED,ZFFCTRL,rct-brg,B-IDEAL,556675,3024,26,0,0,559725,1,1,4453394.826
T3,kodim05.ppm,MED,ZFFCTRL,rct-brg,B-RANS,556802,3024,26,0,0,559852,1,1,4453394.826
T3,kodim05.ppm,MED,ZFFCTRL,rct-bgr,B-IDEAL,556782,3087,26,0,0,559895,1,1,4454255.237
T3,kodim05.ppm,MED,ZFFCTRL,rct-bgr,B-RANS,556907,3087,26,0,0,560020,1,1,4454255.237
T3,kodim05.ppm,MED,ZFFCTRL,loco,B-IDEAL,552367,3054,26,0,0,555447,1,1,4418929.399
T3,kodim05.ppm,MED,ZFFCTRL,loco,B-RANS,552493,3054,26,0,0,555573,1,1,4418929.399
T3,kodim05.ppm,MED,HYB-C,ycocgr,B-IDEAL,693061,3351,26,0,0,696438,1,1,5544481.403
T3,kodim05.ppm,MED,HYB-C,ycocgr,B-RANS,693268,3351,26,0,0,696645,1,1,5544481.403
T3,kodim05.ppm,MED,HYB-C,rct-grb,B-IDEAL,696618,3369,26,0,0,700013,1,1,5572937.146
T3,kodim05.ppm,MED,HYB-C,rct-grb,B-RANS,696830,3369,26,0,0,700225,1,1,5572937.146
T3,kodim05.ppm,MED,HYB-C,rct-gbr,B-IDEAL,690967,3334,26,0,0,694327,1,1,5527728.995
T3,kodim05.ppm,MED,HYB-C,rct-gbr,B-RANS,691178,3334,26,0,0,694538,1,1,5527728.995
T3,kodim05.ppm,MED,HYB-C,rct-rbg,B-IDEAL,690966,3321,26,0,0,694313,1,1,5527724.645
T3,kodim05.ppm,MED,HYB-C,rct-rbg,B-RANS,691173,3321,26,0,0,694520,1,1,5527724.645
T3,kodim05.ppm,MED,HYB-C,rct-brg,B-IDEAL,696634,3346,26,0,0,700006,1,1,5573064.309
T3,kodim05.ppm,MED,HYB-C,rct-brg,B-RANS,696844,3346,26,0,0,700216,1,1,5573064.309
T3,kodim05.ppm,MED,HYB-C,rct-bgr,B-IDEAL,693062,3351,26,0,0,696439,1,1,5544488.100
T3,kodim05.ppm,MED,HYB-C,rct-bgr,B-RANS,693270,3351,26,0,0,696647,1,1,5544488.100
T3,kodim05.ppm,MED,HYB-C,loco,B-IDEAL,692737,3299,26,0,0,696062,1,1,5541889.738
T3,kodim05.ppm,MED,HYB-C,loco,B-RANS,692947,3299,26,0,0,696272,1,1,5541889.738
T3,kodim05.ppm,GAP,ZFFCTRL,ycocgr,B-IDEAL,575527,2946,26,0,0,578499,1,1,4604211.616
T3,kodim05.ppm,GAP,ZFFCTRL,ycocgr,B-RANS,575653,2946,26,0,0,578625,1,1,4604211.616
T3,kodim05.ppm,GAP,ZFFCTRL,rct-grb,B-IDEAL,574667,2969,26,0,0,577662,1,1,4597333.793
T3,kodim05.ppm,GAP,ZFFCTRL,rct-grb,B-RANS,574792,2969,26,0,0,577787,1,1,4597333.793
T3,kodim05.ppm,GAP,ZFFCTRL,rct-gbr,B-IDEAL,572726,3000,26,0,0,575752,1,1,4581807.347
T3,kodim05.ppm,GAP,ZFFCTRL,rct-gbr,B-RANS,572851,3000,26,0,0,575877,1,1,4581807.347
T3,kodim05.ppm,GAP,ZFFCTRL,rct-rbg,B-IDEAL,572631,3015,26,0,0,575672,1,1,4581041.183
T3,kodim05.ppm,GAP,ZFFCTRL,rct-rbg,B-RANS,572758,3015,26,0,0,575799,1,1,4581041.183
T3,kodim05.ppm,GAP,ZFFCTRL,rct-brg,B-IDEAL,574635,2981,26,0,0,577642,1,1,4597073.800
T3,kodim05.ppm,GAP,ZFFCTRL,rct-brg,B-RANS,574761,2981,26,0,0,577768,1,1,4597073.800
T3,kodim05.ppm,GAP,ZFFCTRL,rct-bgr,B-IDEAL,575422,2971,26,0,0,578419,1,1,4603368.267
T3,kodim05.ppm,GAP,ZFFCTRL,rct-bgr,B-RANS,575545,2971,26,0,0,578542,1,1,4603368.267
T3,kodim05.ppm,GAP,ZFFCTRL,loco,B-IDEAL,574857,2983,26,0,0,577866,1,1,4598851.160
T3,kodim05.ppm,GAP,ZFFCTRL,loco,B-RANS,574982,2983,26,0,0,577991,1,1,4598851.160
T3,kodim05.ppm,GAP,HYB-C,ycocgr,B-IDEAL,726830,3275,26,0,0,730131,1,1,5814636.614
T3,kodim05.ppm,GAP,HYB-C,ycocgr,B-RANS,727045,3275,26,0,0,730346,1,1,5814636.614
T3,kodim05.ppm,GAP,HYB-C,rct-grb,B-IDEAL,725822,3324,26,0,0,729172,1,1,5806573.790
T3,kodim05.ppm,GAP,HYB-C,rct-grb,B-RANS,726038,3324,26,0,0,729388,1,1,5806573.790
T3,kodim05.ppm,GAP,HYB-C,rct-gbr,B-IDEAL,722945,3337,26,0,0,726308,1,1,5783559.138
T3,kodim05.ppm,GAP,HYB-C,rct-gbr,B-RANS,723160,3337,26,0,0,726523,1,1,5783559.138
T3,kodim05.ppm,GAP,HYB-C,rct-rbg,B-IDEAL,722685,3343,26,0,0,726054,1,1,5781478.593
T3,kodim05.ppm,GAP,HYB-C,rct-rbg,B-RANS,722902,3343,26,0,0,726271,1,1,5781478.593
T3,kodim05.ppm,GAP,HYB-C,rct-brg,B-IDEAL,725708,3321,26,0,0,729055,1,1,5805659.466
T3,kodim05.ppm,GAP,HYB-C,rct-brg,B-RANS,725922,3321,26,0,0,729269,1,1,5805659.466
T3,kodim05.ppm,GAP,HYB-C,rct-bgr,B-IDEAL,726683,3286,26,0,0,729995,1,1,5813458.960
T3,kodim05.ppm,GAP,HYB-C,rct-bgr,B-RANS,726901,3286,26,0,0,730213,1,1,5813458.960
T3,kodim05.ppm,GAP,HYB-C,loco,B-IDEAL,724759,3328,26,0,0,728113,1,1,5798069.252
T3,kodim05.ppm,GAP,HYB-C,loco,B-RANS,724976,3328,26,0,0,728330,1,1,5798069.252
T3,kodim05.ppm,W,ZFFCTRL,ycocgr,B-IDEAL,567369,3176,26,0,0,570571,1,1,4538950.053
T3,kodim05.ppm,W,ZFFCTRL,ycocgr,B-RANS,567494,3176,26,0,0,570696,1,1,4538950.053
T3,kodim05.ppm,W,ZFFCTRL,rct-grb,B-IDEAL,567459,3222,26,0,0,570707,1,1,4539667.487
T3,kodim05.ppm,W,ZFFCTRL,rct-grb,B-RANS,567584,3222,26,0,0,570832,1,1,4539667.487
T3,kodim05.ppm,W,ZFFCTRL,rct-gbr,B-IDEAL,565567,3203,26,0,0,568796,1,1,4524528.303
T3,kodim05.ppm,W,ZFFCTRL,rct-gbr,B-RANS,565693,3203,26,0,0,568922,1,1,4524528.303
T3,kodim05.ppm,W,ZFFCTRL,rct-rbg,B-IDEAL,565573,3206,26,0,0,568805,1,1,4524583.781
T3,kodim05.ppm,W,ZFFCTRL,rct-rbg,B-RANS,565699,3206,26,0,0,568931,1,1,4524583.781
T3,kodim05.ppm,W,ZFFCTRL,rct-brg,B-IDEAL,567502,3221,26,0,0,570749,1,1,4540012.426
T3,kodim05.ppm,W,ZFFCTRL,rct-brg,B-RANS,567628,3221,26,0,0,570875,1,1,4540012.426
T3,kodim05.ppm,W,ZFFCTRL,rct-bgr,B-IDEAL,567380,3175,26,0,0,570581,1,1,4539036.759
T3,kodim05.ppm,W,ZFFCTRL,rct-bgr,B-RANS,567506,3175,26,0,0,570707,1,1,4539036.759
T3,kodim05.ppm,W,ZFFCTRL,loco,B-IDEAL,567091,3270,26,0,0,570387,1,1,4536726.267
T3,kodim05.ppm,W,ZFFCTRL,loco,B-RANS,567218,3270,26,0,0,570514,1,1,4536726.267
T3,kodim05.ppm,W,HYB-C,ycocgr,B-IDEAL,711974,3306,26,0,0,715306,1,1,5695786.192
T3,kodim05.ppm,W,HYB-C,ycocgr,B-RANS,712188,3306,26,0,0,715520,1,1,5695786.192
T3,kodim05.ppm,W,HYB-C,rct-grb,B-IDEAL,711735,3299,26,0,0,715060,1,1,5693872.160
T3,kodim05.ppm,W,HYB-C,rct-grb,B-RANS,711949,3299,26,0,0,715274,1,1,5693872.160
T3,kodim05.ppm,W,HYB-C,rct-gbr,B-IDEAL,709176,3310,26,0,0,712512,1,1,5673403.130
T3,kodim05.ppm,W,HYB-C,rct-gbr,B-RANS,709388,3310,26,0,0,712724,1,1,5673403.130
T3,kodim05.ppm,W,HYB-C,rct-rbg,B-IDEAL,709183,3316,26,0,0,712525,1,1,5673458.608
T3,kodim05.ppm,W,HYB-C,rct-rbg,B-RANS,709392,3316,26,0,0,712734,1,1,5673458.608
T3,kodim05.ppm,W,HYB-C,rct-brg,B-IDEAL,711778,3295,26,0,0,715099,1,1,5694217.098
T3,kodim05.ppm,W,HYB-C,rct-brg,B-RANS,711992,3295,26,0,0,715313,1,1,5694217.098
T3,kodim05.ppm,W,HYB-C,rct-bgr,B-IDEAL,711985,3306,26,0,0,715317,1,1,5695872.898
T3,kodim05.ppm,W,HYB-C,rct-bgr,B-RANS,712198,3306,26,0,0,715530,1,1,5695872.898
T3,kodim05.ppm,W,HYB-C,loco,B-IDEAL,710974,3286,26,0,0,714286,1,1,5687788.211
T3,kodim05.ppm,W,HYB-C,loco,B-RANS,711185,3286,26,0,0,714497,1,1,5687788.211
T3CELL,kodim05.ppm,MED,ZFFCTRL,3,551216,3054,554296
T3CELL,kodim05.ppm,MED,ZZHU,3,691173,3321,694520
T3CELL,kodim05.ppm,GAP,ZFFCTRL,3,572758,3015,575799
T3CELL,kodim05.ppm,GAP,ZZHU,3,722902,3343,726271
T3CELL,kodim05.ppm,W,ZFFCTRL,2,565693,3203,568922
T3CELL,kodim05.ppm,W,ZZHU,2,709388,3310,712724
SANDBOX,kodim13.ppm,ZFFCTRL,B-ADAPT,KPROD,652316,0,0,0,652316,1,1,0.000,0.0000,0.0000,-4.7908
BRACKET,kodim13.ppm,685140,652316,5411963.823,4876826.140,4802333.741,5410686.212,4874610.951,4766278.627
SANDBOX,kodim13.ppm,ZFFCTRL,B-IDEAL,KSHARED,676496,390,0,0,676886,1,1,5411966.802,5411963.823,-3.767,-1.2047
SANDBOX,kodim13.ppm,ZFFCTRL,B-IDEAL,KFLAT16,609610,3053,0,0,612663,1,1,4876874.152,4876826.140,6.079,-10.5784
SANDBOX,kodim13.ppm,ZFFCTRL,B-IDEAL,KFLAT343,600543,59793,0,0,660336,1,1,4804341.507,4802333.741,-1.229,-3.6203
T1,kodim13.ppm,ADAPT,ycocgr,NONE,B-ADAPT,652316,0,0,0,0,652316,1,1,0.000,0,-8.3960
T1,kodim13.ppm,SPINE,ycocgr,NONE,B-IDEAL,609610,3053,26,0,0,612689,1,1,4876874.152,16,-1.2995
T1,kodim13.ppm,SPINE,ycocgr,NONE,B-RANS,609735,3053,26,0,0,612814,1,1,4876874.152,16,-1.3202
T1,kodim13.ppm,ADAPT,rct-grb,NONE,B-ADAPT,649249,0,0,0,0,649249,1,1,0.000,0,-7.8863
T1,kodim13.ppm,SPINE,rct-grb,NONE,B-IDEAL,610803,3090,26,0,0,613919,1,1,4886419.409,16,-1.4977
T1,kodim13.ppm,SPINE,rct-grb,NONE,B-RANS,610930,3090,26,0,0,614046,1,1,4886419.409,16,-1.5188
T1,kodim13.ppm,ADAPT,rct-gbr,NONE,B-ADAPT,644899,0,0,0,0,644899,1,1,0.000,0,-7.1635
T1,kodim13.ppm,SPINE,rct-gbr,NONE,B-IDEAL,603112,3063,26,0,0,606201,1,1,4824895.934,16,-0.2197
T1,kodim13.ppm,SPINE,rct-gbr,NONE,B-RANS,603238,3063,26,0,0,606327,1,1,4824895.934,16,-0.2406
T1,kodim13.ppm,ADAPT,rct-rbg,NONE,B-ADAPT,644897,0,0,0,0,644897,1,1,0.000,0,-7.1631
T1,kodim13.ppm,SPINE,rct-rbg,NONE,B-IDEAL,603095,3068,26,0,0,606189,1,1,4824755.257,16,-0.2169
T1,kodim13.ppm,SPINE,rct-rbg,NONE,B-RANS,603221,3068,26,0,0,606315,1,1,4824755.257,16,-0.2378
T1,kodim13.ppm,ADAPT,rct-brg,NONE,B-ADAPT,649249,0,0,0,0,649249,1,1,0.000,0,-7.8863
T1,kodim13.ppm,SPINE,rct-brg,NONE,B-IDEAL,610811,3080,26,0,0,613917,1,1,4886486.406,16,-1.4990
T1,kodim13.ppm,SPINE,rct-brg,NONE,B-RANS,610938,3080,26,0,0,614044,1,1,4886486.406,16,-1.5201
T1,kodim13.ppm,ADAPT,rct-bgr,NONE,B-ADAPT,652317,0,0,0,0,652317,1,1,0.000,0,-8.3961
T1,kodim13.ppm,SPINE,rct-bgr,NONE,B-IDEAL,609631,3048,26,0,0,612705,1,1,4877047.876,16,-1.3029
T1,kodim13.ppm,SPINE,rct-bgr,NONE,B-RANS,609756,3048,26,0,0,612830,1,1,4877047.876,16,-1.3237
T1,kodim13.ppm,ADAPT,loco,NONE,B-ADAPT,643071,0,0,0,0,643071,1,1,0.000,0,-6.8597
T1,kodim13.ppm,SPINE,loco,NONE,B-IDEAL,601664,3119,26,0,0,604809,1,1,4813309.330,16,0.0209
T1,kodim13.ppm,SPINE,loco,NONE,B-RANS,601790,3119,26,0,0,604935,1,1,4813309.330,16,0.0000
T3,kodim13.ppm,MED,ZFFCTRL,ycocgr,B-IDEAL,609610,3053,26,0,0,612689,1,1,4876874.152
T3,kodim13.ppm,MED,ZFFCTRL,ycocgr,B-RANS,609735,3053,26,0,0,612814,1,1,4876874.152
T3,kodim13.ppm,MED,ZFFCTRL,rct-grb,B-IDEAL,610803,3090,26,0,0,613919,1,1,4886419.409
T3,kodim13.ppm,MED,ZFFCTRL,rct-grb,B-RANS,610930,3090,26,0,0,614046,1,1,4886419.409
T3,kodim13.ppm,MED,ZFFCTRL,rct-gbr,B-IDEAL,603112,3063,26,0,0,606201,1,1,4824895.934
T3,kodim13.ppm,MED,ZFFCTRL,rct-gbr,B-RANS,603238,3063,26,0,0,606327,1,1,4824895.934
T3,kodim13.ppm,MED,ZFFCTRL,rct-rbg,B-IDEAL,603095,3068,26,0,0,606189,1,1,4824755.257
T3,kodim13.ppm,MED,ZFFCTRL,rct-rbg,B-RANS,603221,3068,26,0,0,606315,1,1,4824755.257
T3,kodim13.ppm,MED,ZFFCTRL,rct-brg,B-IDEAL,610811,3080,26,0,0,613917,1,1,4886486.406
T3,kodim13.ppm,MED,ZFFCTRL,rct-brg,B-RANS,610938,3080,26,0,0,614044,1,1,4886486.406
T3,kodim13.ppm,MED,ZFFCTRL,rct-bgr,B-IDEAL,609631,3048,26,0,0,612705,1,1,4877047.876
T3,kodim13.ppm,MED,ZFFCTRL,rct-bgr,B-RANS,609756,3048,26,0,0,612830,1,1,4877047.876
T3,kodim13.ppm,MED,ZFFCTRL,loco,B-IDEAL,601664,3119,26,0,0,604809,1,1,4813309.330
T3,kodim13.ppm,MED,ZFFCTRL,loco,B-RANS,601790,3119,26,0,0,604935,1,1,4813309.330
T3,kodim13.ppm,MED,HYB-C,ycocgr,B-IDEAL,780340,3382,26,0,0,783748,1,1,6242718.133
T3,kodim13.ppm,MED,HYB-C,ycocgr,B-RANS,780566,3382,26,0,0,783974,1,1,6242718.133
T3,kodim13.ppm,MED,HYB-C,rct-grb,B-IDEAL,786625,3376,26,0,0,790027,1,1,6292992.958
T3,kodim13.ppm,MED,HYB-C,rct-grb,B-RANS,786852,3376,26,0,0,790254,1,1,6292992.958
T3,kodim13.ppm,MED,HYB-C,rct-gbr,B-IDEAL,775211,3345,26,0,0,778582,1,1,6201684.397
T3,kodim13.ppm,MED,HYB-C,rct-gbr,B-RANS,775437,3345,26,0,0,778808,1,1,6201684.397
T3,kodim13.ppm,MED,HYB-C,rct-rbg,B-IDEAL,775193,3354,26,0,0,778573,1,1,6201543.719
T3,kodim13.ppm,MED,HYB-C,rct-rbg,B-RANS,775418,3354,26,0,0,778798,1,1,6201543.719
T3,kodim13.ppm,MED,HYB-C,rct-brg,B-IDEAL,786633,3356,26,0,0,790015,1,1,6293059.955
T3,kodim13.ppm,MED,HYB-C,rct-brg,B-RANS,786861,3356,26,0,0,790243,1,1,6293059.955
T3,kodim13.ppm,MED,HYB-C,rct-bgr,B-IDEAL,780362,3373,26,0,0,783761,1,1,6242891.857
T3,kodim13.ppm,MED,HYB-C,rct-bgr,B-RANS,780589,3373,26,0,0,783988,1,1,6242891.857
T3,kodim13.ppm,MED,HYB-C,loco,B-IDEAL,773470,3319,26,0,0,776815,1,1,6187756.766
T3,kodim13.ppm,MED,HYB-C,loco,B-RANS,773695,3319,26,0,0,777040,1,1,6187756.766
T3,kodim13.ppm,GAP,ZFFCTRL,ycocgr,B-IDEAL,621249,2994,26,0,0,624269,1,1,4969985.146
T3,kodim13.ppm,GAP,ZFFCTRL,ycocgr,B-RANS,621373,2994,26,0,0,624393,1,1,4969985.146
T3,kodim13.ppm,GAP,ZFFCTRL,rct-grb,B-IDEAL,622107,3034,26,0,0,625167,1,1,4976848.160
T3,kodim13.ppm,GAP,ZFFCTRL,rct-grb,B-RANS,622234,3034,26,0,0,625294,1,1,4976848.160
T3,kodim13.ppm,GAP,ZFFCTRL,rct-gbr,B-IDEAL,617024,2989,26,0,0,620039,1,1,4936184.737
T3,kodim13.ppm,GAP,ZFFCTRL,rct-gbr,B-RANS,617150,2989,26,0,0,620165,1,1,4936184.737
T3,kodim13.ppm,GAP,ZFFCTRL,rct-rbg,B-IDEAL,616931,2993,26,0,0,619950,1,1,4935445.545
T3,kodim13.ppm,GAP,ZFFCTRL,rct-rbg,B-RANS,617056,2993,26,0,0,620075,1,1,4935445.545
T3,kodim13.ppm,GAP,ZFFCTRL,rct-brg,B-IDEAL,622058,3009,26,0,0,625093,1,1,4976459.672
T3,kodim13.ppm,GAP,ZFFCTRL,rct-brg,B-RANS,622184,3009,26,0,0,625219,1,1,4976459.672
T3,kodim13.ppm,GAP,ZFFCTRL,rct-bgr,B-IDEAL,621216,2989,26,0,0,624231,1,1,4969727.777
T3,kodim13.ppm,GAP,ZFFCTRL,rct-bgr,B-RANS,621341,2989,26,0,0,624356,1,1,4969727.777
T3,kodim13.ppm,GAP,ZFFCTRL,loco,B-IDEAL,616282,3036,26,0,0,619344,1,1,4930252.496
T3,kodim13.ppm,GAP,ZFFCTRL,loco,B-RANS,616408,3036,26,0,0,619470,1,1,4930252.496
T3,kodim13.ppm,GAP,HYB-C,ycocgr,B-IDEAL,801431,3335,26,0,0,804792,1,1,6411442.219
T3,kodim13.ppm,GAP,HYB-C,ycocgr,B-RANS,801660,3335,26,0,0,805021,1,1,6411442.219
T3,kodim13.ppm,GAP,HYB-C,rct-grb,B-IDEAL,804059,3383,26,0,0,807468,1,1,6432471.499
T3,kodim13.ppm,GAP,HYB-C,rct-grb,B-RANS,804290,3383,26,0,0,807699,1,1,6432471.499
T3,kodim13.ppm,GAP,HYB-C,rct-gbr,B-IDEAL,794169,3383,26,0,0,797578,1,1,6353349.399
T3,kodim13.ppm,GAP,HYB-C,rct-gbr,B-RANS,794398,3383,26,0,0,797807,1,1,6353349.399
T3,kodim13.ppm,GAP,HYB-C,rct-rbg,B-IDEAL,794194,3382,26,0,0,797602,1,1,6353550.535
T3,kodim13.ppm,GAP,HYB-C,rct-rbg,B-RANS,794423,3382,26,0,0,797831,1,1,6353550.535
T3,kodim13.ppm,GAP,HYB-C,rct-brg,B-IDEAL,804031,3366,26,0,0,807423,1,1,6432240.482
T3,kodim13.ppm,GAP,HYB-C,rct-brg,B-RANS,804262,3366,26,0,0,807654,1,1,6432240.482
T3,kodim13.ppm,GAP,HYB-C,rct-bgr,B-IDEAL,801414,3341,26,0,0,804781,1,1,6411306.250
T3,kodim13.ppm,GAP,HYB-C,rct-bgr,B-RANS,801642,3341,26,0,0,805009,1,1,6411306.250
T3,kodim13.ppm,GAP,HYB-C,loco,B-IDEAL,792693,3402,26,0,0,796121,1,1,6341536.192
T3,kodim13.ppm,GAP,HYB-C,loco,B-RANS,792918,3402,26,0,0,796346,1,1,6341536.192
T3,kodim13.ppm,W,ZFFCTRL,ycocgr,B-IDEAL,615560,3226,26,0,0,618812,1,1,4924473.457
T3,kodim13.ppm,W,ZFFCTRL,ycocgr,B-RANS,615686,3226,26,0,0,618938,1,1,4924473.457
T3,kodim13.ppm,W,ZFFCTRL,rct-grb,B-IDEAL,617055,3277,26,0,0,620358,1,1,4936435.156
T3,kodim13.ppm,W,ZFFCTRL,rct-grb,B-RANS,617181,3277,26,0,0,620484,1,1,4936435.156
T3,kodim13.ppm,W,ZFFCTRL,rct-gbr,B-IDEAL,611811,3244,26,0,0,615081,1,1,4894480.345
T3,kodim13.ppm,W,ZFFCTRL,rct-gbr,B-RANS,611937,3244,26,0,0,615207,1,1,4894480.345
T3,kodim13.ppm,W,ZFFCTRL,rct-rbg,B-IDEAL,611782,3242,26,0,0,615050,1,1,4894253.027
T3,kodim13.ppm,W,ZFFCTRL,rct-rbg,B-RANS,611908,3242,26,0,0,615176,1,1,4894253.027
T3,kodim13.ppm,W,ZFFCTRL,rct-brg,B-IDEAL,617082,3276,26,0,0,620384,1,1,4936655.061
T3,kodim13.ppm,W,ZFFCTRL,rct-brg,B-RANS,617208,3276,26,0,0,620510,1,1,4936655.061
T3,kodim13.ppm,W,ZFFCTRL,rct-bgr,B-IDEAL,615611,3240,26,0,0,618877,1,1,4924886.840
T3,kodim13.ppm,W,ZFFCTRL,rct-bgr,B-RANS,615738,3240,26,0,0,619004,1,1,4924886.840
T3,kodim13.ppm,W,ZFFCTRL,loco,B-IDEAL,611069,3223,26,0,0,614318,1,1,4888547.626
T3,kodim13.ppm,W,ZFFCTRL,loco,B-RANS,611196,3223,26,0,0,614445,1,1,4888547.626
T3,kodim13.ppm,W,HYB-C,ycocgr,B-IDEAL,791093,3369,26,0,0,794488,1,1,6328737.214
T3,kodim13.ppm,W,HYB-C,ycocgr,B-RANS,791321,3369,26,0,0,794716,1,1,6328737.214
T3,kodim13.ppm,W,HYB-C,rct-grb,B-IDEAL,794018,3382,26,0,0,797426,1,1,6352139.855
T3,kodim13.ppm,W,HYB-C,rct-grb,B-RANS,794246,3382,26,0,0,797654,1,1,6352139.855
T3,kodim13.ppm,W,HYB-C,rct-gbr,B-IDEAL,784648,3369,26,0,0,788043,1,1,6277176.006
T3,kodim13.ppm,W,HYB-C,rct-gbr,B-RANS,784875,3369,26,0,0,788270,1,1,6277176.006
T3,kodim13.ppm,W,HYB-C,rct-rbg,B-IDEAL,784619,3363,26,0,0,788008,1,1,6276948.687
T3,kodim13.ppm,W,HYB-C,rct-rbg,B-RANS,784845,3363,26,0,0,788234,1,1,6276948.687
T3,kodim13.ppm,W,HYB-C,rct-brg,B-IDEAL,794045,3380,26,0,0,797451,1,1,6352359.760
T3,kodim13.ppm,W,HYB-C,rct-brg,B-RANS,794274,3380,26,0,0,797680,1,1,6352359.760
T3,kodim13.ppm,W,HYB-C,rct-bgr,B-IDEAL,791145,3387,26,0,0,794558,1,1,6329153.653
T3,kodim13.ppm,W,HYB-C,rct-bgr,B-RANS,791375,3387,26,0,0,794788,1,1,6329153.653
T3,kodim13.ppm,W,HYB-C,loco,B-IDEAL,783572,3350,26,0,0,786948,1,1,6268572.125
T3,kodim13.ppm,W,HYB-C,loco,B-RANS,783799,3350,26,0,0,787175,1,1,6268572.125
T3CELL,kodim13.ppm,MED,ZFFCTRL,6,601790,3119,604935
T3CELL,kodim13.ppm,MED,ZZHU,6,773695,3319,777040
T3CELL,kodim13.ppm,GAP,ZFFCTRL,6,616408,3036,619470
T3CELL,kodim13.ppm,GAP,ZZHU,6,792918,3402,796346
T3CELL,kodim13.ppm,W,ZFFCTRL,6,611196,3223,614445
T3CELL,kodim13.ppm,W,ZZHU,6,783799,3350,787175
SANDBOX,kodim20.ppm,ZFFCTRL,B-ADAPT,KPROD,479405,0,0,0,479405,1,1,0.000,0.0000,0.0000,-6.4103
BRACKET,kodim20.ppm,512241,479405,4124066.027,3688644.722,3648694.318,4123183.433,3687207.998,3629436.079
SANDBOX,kodim20.ppm,ZFFCTRL,B-IDEAL,KSHARED,515509,390,0,0,515899,1,1,4124069.018,4124066.027,-7.612,0.7141
SANDBOX,kodim20.ppm,ZFFCTRL,B-IDEAL,KFLAT16,461088,2950,0,0,464038,1,1,3688696.363,3688644.722,3.205,-9.4102
SANDBOX,kodim20.ppm,ZFFCTRL,B-IDEAL,KFLAT343,456435,56357,0,0,512792,1,1,3651474.676,3648694.318,-6.964,0.1076
T1,kodim20.ppm,ADAPT,ycocgr,NONE,B-ADAPT,479405,0,0,0,0,479405,1,1,0.000,0,-23.4422
T1,kodim20.ppm,SPINE,ycocgr,NONE,B-IDEAL,461088,2950,26,0,0,464064,1,1,3688696.363,16,-18.7257
T1,kodim20.ppm,SPINE,ycocgr,NONE,B-RANS,461215,2950,26,0,0,464191,1,1,3688696.363,16,-18.7584
T1,kodim20.ppm,ADAPT,rct-grb,NONE,B-ADAPT,475160,0,0,0,0,475160,1,1,0.000,0,-22.3491
T1,kodim20.ppm,SPINE,rct-grb,NONE,B-IDEAL,458631,2934,26,0,0,461591,1,1,3669047.778,16,-18.0931
T1,kodim20.ppm,SPINE,rct-grb,NONE,B-RANS,458757,2934,26,0,0,461717,1,1,3669047.778,16,-18.1255
T1,kodim20.ppm,ADAPT,rct-gbr,NONE,B-ADAPT,447153,0,0,0,0,447153,1,1,0.000,0,-15.1376
T1,kodim20.ppm,SPINE,rct-gbr,NONE,B-IDEAL,429070,3056,26,0,0,432152,1,1,3432553.724,16,-10.4814
T1,kodim20.ppm,SPINE,rct-gbr,NONE,B-RANS,429196,3056,26,0,0,432278,1,1,3432553.724,16,-10.5138
T1,kodim20.ppm,ADAPT,rct-rbg,NONE,B-ADAPT,447153,0,0,0,0,447153,1,1,0.000,0,-15.1376
T1,kodim20.ppm,SPINE,rct-rbg,NONE,B-IDEAL,429086,3421,26,0,0,432533,1,1,3432686.586,16,-10.4855
T1,kodim20.ppm,SPINE,rct-rbg,NONE,B-RANS,429213,3421,26,0,0,432660,1,1,3432686.586,16,-10.5182
T1,kodim20.ppm,ADAPT,rct-brg,NONE,B-ADAPT,475158,0,0,0,0,475158,1,1,0.000,0,-22.3486
T1,kodim20.ppm,SPINE,rct-brg,NONE,B-IDEAL,458643,3345,26,0,0,462014,1,1,3669136.609,16,-18.0962
T1,kodim20.ppm,SPINE,rct-brg,NONE,B-RANS,458768,3345,26,0,0,462139,1,1,3669136.609,16,-18.1284
T1,kodim20.ppm,ADAPT,rct-bgr,NONE,B-ADAPT,479404,0,0,0,0,479404,1,1,0.000,0,-23.4419
T1,kodim20.ppm,SPINE,rct-bgr,NONE,B-IDEAL,461103,3449,26,0,0,464578,1,1,3688821.416,16,-18.7296
T1,kodim20.ppm,SPINE,rct-bgr,NONE,B-RANS,461230,3449,26,0,0,464705,1,1,3688821.416,16,-18.7623
T1,kodim20.ppm,ADAPT,loco,NONE,B-ADAPT,403807,0,0,0,0,403807,1,1,0.000,0,-3.9764
T1,kodim20.ppm,SPINE,loco,NONE,B-IDEAL,388240,3395,26,0,0,391661,1,1,3105912.687,16,0.0319
T1,kodim20.ppm,SPINE,loco,NONE,B-RANS,388364,3395,26,0,0,391785,1,1,3105912.687,16,0.0000
T3,kodim20.ppm,MED,ZFFCTRL,ycocgr,B-IDEAL,461088,2950,26,0,0,464064,1,1,3688696.363
T3,kodim20.ppm,MED,ZFFCTRL,ycocgr,B-RANS,461215,2950,26,0,0,464191,1,1,3688696.363
T3,kodim20.ppm,MED,ZFFCTRL,rct-grb,B-IDEAL,458631,2934,26,0,0,461591,1,1,3669047.778
T3,kodim20.ppm,MED,ZFFCTRL,rct-grb,B-RANS,458757,2934,26,0,0,461717,1,1,3669047.778
T3,kodim20.ppm,MED,ZFFCTRL,rct-gbr,B-IDEAL,429070,3056,26,0,0,432152,1,1,3432553.724
T3,kodim20.ppm,MED,ZFFCTRL,rct-gbr,B-RANS,429196,3056,26,0,0,432278,1,1,3432553.724
T3,kodim20.ppm,MED,ZFFCTRL,rct-rbg,B-IDEAL,429086,3421,26,0,0,432533,1,1,3432686.586
T3,kodim20.ppm,MED,ZFFCTRL,rct-rbg,B-RANS,429213,3421,26,0,0,432660,1,1,3432686.586
T3,kodim20.ppm,MED,ZFFCTRL,rct-brg,B-IDEAL,458643,3345,26,0,0,462014,1,1,3669136.609
T3,kodim20.ppm,MED,ZFFCTRL,rct-brg,B-RANS,458768,3345,26,0,0,462139,1,1,3669136.609
T3,kodim20.ppm,MED,ZFFCTRL,rct-bgr,B-IDEAL,461103,3449,26,0,0,464578,1,1,3688821.416
T3,kodim20.ppm,MED,ZFFCTRL,rct-bgr,B-RANS,461230,3449,26,0,0,464705,1,1,3688821.416
T3,kodim20.ppm,MED,ZFFCTRL,loco,B-IDEAL,388240,3395,26,0,0,391661,1,1,3105912.687
T3,kodim20.ppm,MED,ZFFCTRL,loco,B-RANS,388364,3395,26,0,0,391785,1,1,3105912.687
T3,kodim20.ppm,MED,HYB-C,ycocgr,B-IDEAL,550038,3332,26,0,0,553396,1,1,4400297.181
T3,kodim20.ppm,MED,HYB-C,ycocgr,B-RANS,550222,3332,26,0,0,553580,1,1,4400297.181
T3,kodim20.ppm,MED,HYB-C,rct-grb,B-IDEAL,548623,3350,26,0,0,551999,1,1,4388981.280
T3,kodim20.ppm,MED,HYB-C,rct-grb,B-RANS,548806,3350,26,0,0,552182,1,1,4388981.280
T3,kodim20.ppm,MED,HYB-C,rct-gbr,B-IDEAL,519382,3265,26,0,0,522673,1,1,4155054.862
T3,kodim20.ppm,MED,HYB-C,rct-gbr,B-RANS,519564,3265,26,0,0,522855,1,1,4155054.862
T3,kodim20.ppm,MED,HYB-C,rct-rbg,B-IDEAL,519399,3245,26,0,0,522670,1,1,4155190.399
T3,kodim20.ppm,MED,HYB-C,rct-rbg,B-RANS,519582,3245,26,0,0,522853,1,1,4155190.399
T3,kodim20.ppm,MED,HYB-C,rct-brg,B-IDEAL,548635,3292,26,0,0,551953,1,1,4389072.110
T3,kodim20.ppm,MED,HYB-C,rct-brg,B-RANS,548818,3292,26,0,0,552136,1,1,4389072.110
T3,kodim20.ppm,MED,HYB-C,rct-bgr,B-IDEAL,550054,3262,26,0,0,553342,1,1,4400426.232
T3,kodim20.ppm,MED,HYB-C,rct-bgr,B-RANS,550236,3262,26,0,0,553524,1,1,4400426.232
T3,kodim20.ppm,MED,HYB-C,loco,B-IDEAL,475926,3265,26,0,0,479217,1,1,3807407.644
T3,kodim20.ppm,MED,HYB-C,loco,B-RANS,476103,3265,26,0,0,479394,1,1,3807407.644
T3,kodim20.ppm,GAP,ZFFCTRL,ycocgr,B-IDEAL,464162,3479,26,0,0,467667,1,1,3713291.976
T3,kodim20.ppm,GAP,ZFFCTRL,ycocgr,B-RANS,464288,3479,26,0,0,467793,1,1,3713291.976
T3,kodim20.ppm,GAP,ZFFCTRL,rct-grb,B-IDEAL,462314,3158,26,0,0,465498,1,1,3698509.607
T3,kodim20.ppm,GAP,ZFFCTRL,rct-grb,B-RANS,462439,3158,26,0,0,465623,1,1,3698509.607
T3,kodim20.ppm,GAP,ZFFCTRL,rct-gbr,B-IDEAL,434224,3438,26,0,0,437688,1,1,3473788.097
T3,kodim20.ppm,GAP,ZFFCTRL,rct-gbr,B-RANS,434350,3438,26,0,0,437814,1,1,3473788.097
T3,kodim20.ppm,GAP,ZFFCTRL,rct-rbg,B-IDEAL,434606,3442,26,0,0,438074,1,1,3476841.149
T3,kodim20.ppm,GAP,ZFFCTRL,rct-rbg,B-RANS,434732,3442,26,0,0,438200,1,1,3476841.149
T3,kodim20.ppm,GAP,ZFFCTRL,rct-brg,B-IDEAL,462303,3455,26,0,0,465784,1,1,3698423.097
T3,kodim20.ppm,GAP,ZFFCTRL,rct-brg,B-RANS,462431,3455,26,0,0,465912,1,1,3698423.097
T3,kodim20.ppm,GAP,ZFFCTRL,rct-bgr,B-IDEAL,464035,3466,26,0,0,467527,1,1,3712277.505
T3,kodim20.ppm,GAP,ZFFCTRL,rct-bgr,B-RANS,464161,3466,26,0,0,467653,1,1,3712277.505
T3,kodim20.ppm,GAP,ZFFCTRL,loco,B-IDEAL,396389,3427,26,0,0,399842,1,1,3171108.676
T3,kodim20.ppm,GAP,ZFFCTRL,loco,B-RANS,396515,3427,26,0,0,399968,1,1,3171108.676
T3,kodim20.ppm,GAP,HYB-C,ycocgr,B-IDEAL,558127,3410,26,0,0,561563,1,1,4465009.899
T3,kodim20.ppm,GAP,HYB-C,ycocgr,B-RANS,558313,3410,26,0,0,561749,1,1,4465009.899
T3,kodim20.ppm,GAP,HYB-C,rct-grb,B-IDEAL,555763,3513,26,0,0,559302,1,1,4446098.558
T3,kodim20.ppm,GAP,HYB-C,rct-grb,B-RANS,555948,3513,26,0,0,559487,1,1,4446098.558
T3,kodim20.ppm,GAP,HYB-C,rct-gbr,B-IDEAL,527410,3295,26,0,0,530731,1,1,4219275.994
T3,kodim20.ppm,GAP,HYB-C,rct-gbr,B-RANS,527593,3295,26,0,0,530914,1,1,4219275.994
T3,kodim20.ppm,GAP,HYB-C,rct-rbg,B-IDEAL,527834,3376,26,0,0,531236,1,1,4222668.261
T3,kodim20.ppm,GAP,HYB-C,rct-rbg,B-RANS,528019,3376,26,0,0,531421,1,1,4222668.261
T3,kodim20.ppm,GAP,HYB-C,rct-brg,B-IDEAL,555436,3428,26,0,0,558890,1,1,4443483.128
T3,kodim20.ppm,GAP,HYB-C,rct-brg,B-RANS,555620,3428,26,0,0,559074,1,1,4443483.128
T3,kodim20.ppm,GAP,HYB-C,rct-bgr,B-IDEAL,557394,3365,26,0,0,560785,1,1,4459149.279
T3,kodim20.ppm,GAP,HYB-C,rct-bgr,B-RANS,557579,3365,26,0,0,560970,1,1,4459149.279
T3,kodim20.ppm,GAP,HYB-C,loco,B-IDEAL,487023,3424,26,0,0,490473,1,1,3896181.900
T3,kodim20.ppm,GAP,HYB-C,loco,B-RANS,487205,3424,26,0,0,490655,1,1,3896181.900
T3,kodim20.ppm,W,ZFFCTRL,ycocgr,B-IDEAL,464821,3170,26,0,0,468017,1,1,3718561.607
T3,kodim20.ppm,W,ZFFCTRL,ycocgr,B-RANS,464948,3170,26,0,0,468144,1,1,3718561.607
T3,kodim20.ppm,W,ZFFCTRL,rct-grb,B-IDEAL,462483,3195,26,0,0,465704,1,1,3699856.967
T3,kodim20.ppm,W,ZFFCTRL,rct-grb,B-RANS,462610,3195,26,0,0,465831,1,1,3699856.967
T3,kodim20.ppm,W,ZFFCTRL,rct-gbr,B-IDEAL,433367,3071,26,0,0,436464,1,1,3466933.096
T3,kodim20.ppm,W,ZFFCTRL,rct-gbr,B-RANS,433491,3071,26,0,0,436588,1,1,3466933.096
T3,kodim20.ppm,W,ZFFCTRL,rct-rbg,B-IDEAL,433416,3297,26,0,0,436739,1,1,3467321.429
T3,kodim20.ppm,W,ZFFCTRL,rct-rbg,B-RANS,433539,3297,26,0,0,436862,1,1,3467321.429
T3,kodim20.ppm,W,ZFFCTRL,rct-brg,B-IDEAL,462393,3285,26,0,0,465704,1,1,3699142.437
T3,kodim20.ppm,W,ZFFCTRL,rct-brg,B-RANS,462519,3285,26,0,0,465830,1,1,3699142.437
T3,kodim20.ppm,W,ZFFCTRL,rct-bgr,B-IDEAL,464932,3364,26,0,0,468322,1,1,3719449.054
T3,kodim20.ppm,W,ZFFCTRL,rct-bgr,B-RANS,465057,3364,26,0,0,468447,1,1,3719449.054
T3,kodim20.ppm,W,ZFFCTRL,loco,B-IDEAL,394370,3318,26,0,0,397714,1,1,3154954.237
T3,kodim20.ppm,W,ZFFCTRL,loco,B-RANS,394495,3318,26,0,0,397839,1,1,3154954.237
T3,kodim20.ppm,W,HYB-C,ycocgr,B-IDEAL,559127,3373,26,0,0,562526,1,1,4473009.963
T3,kodim20.ppm,W,HYB-C,ycocgr,B-RANS,559313,3373,26,0,0,562712,1,1,4473009.963
T3,kodim20.ppm,W,HYB-C,rct-grb,B-IDEAL,555473,3372,26,0,0,558871,1,1,4443781.971
T3,kodim20.ppm,W,HYB-C,rct-grb,B-RANS,555660,3372,26,0,0,559058,1,1,4443781.971
T3,kodim20.ppm,W,HYB-C,rct-gbr,B-IDEAL,526174,3326,26,0,0,529526,1,1,4209389.930
T3,kodim20.ppm,W,HYB-C,rct-gbr,B-RANS,526359,3326,26,0,0,529711,1,1,4209389.930
T3,kodim20.ppm,W,HYB-C,rct-rbg,B-IDEAL,526243,3316,26,0,0,529585,1,1,4209941.161
T3,kodim20.ppm,W,HYB-C,rct-rbg,B-RANS,526431,3316,26,0,0,529773,1,1,4209941.161
T3,kodim20.ppm,W,HYB-C,rct-brg,B-IDEAL,555273,3304,26,0,0,558603,1,1,4442177.306
T3,kodim20.ppm,W,HYB-C,rct-brg,B-RANS,555458,3304,26,0,0,558788,1,1,4442177.306
T3,kodim20.ppm,W,HYB-C,rct-bgr,B-IDEAL,559195,3362,26,0,0,562583,1,1,4473559.364
T3,kodim20.ppm,W,HYB-C,rct-bgr,B-RANS,559383,3362,26,0,0,562771,1,1,4473559.364
T3,kodim20.ppm,W,HYB-C,loco,B-IDEAL,484896,3309,26,0,0,488231,1,1,3879161.194
T3,kodim20.ppm,W,HYB-C,loco,B-RANS,485076,3309,26,0,0,488411,1,1,3879161.194
T3CELL,kodim20.ppm,MED,ZFFCTRL,6,388364,3395,391785
T3CELL,kodim20.ppm,MED,ZZHU,6,476103,3265,479394
T3CELL,kodim20.ppm,GAP,ZFFCTRL,6,396515,3427,399968
T3CELL,kodim20.ppm,GAP,ZZHU,6,487205,3424,490655
T3CELL,kodim20.ppm,W,ZFFCTRL,6,394495,3318,397839
T3CELL,kodim20.ppm,W,ZZHU,6,485076,3309,488411
