image,filter,coeffs,net_bytes,bpp_net_per_sample,bpp_summed,roundtrip
kodim01.ppm,leGall53,(baseline X6b path),506413,3.43433,10.303,1
kodim02.ppm,leGall53,(baseline X6b path),454943,3.08528,9.25584,1
kodim03.ppm,leGall53,(baseline X6b path),409234,2.7753,8.32589,1
kodim04.ppm,leGall53,(baseline X6b path),468250,3.17552,9.52657,1
kodim01.ppm,learnedCDF97,-1.586134342,-0.052980118,0.882911076,0.443506852,558343,3.78651,11.3595,1
kodim02.ppm,learnedCDF97,-1.586134342,-0.052980118,0.882911076,0.443506852,511917,3.47166,10.415,1
kodim03.ppm,learnedCDF97,-1.586134342,-0.052980118,0.882911076,0.443506852,472629,3.20522,9.61566,1
kodim04.ppm,learnedCDF97,-1.586134342,-0.052980118,0.882911076,0.443506852,520969,3.53305,10.5991,1
kodim01+02.ppm,learned2step,-0.5,0.25,0,0,957625,3.24716,9.7415,1
kodim01+02.ppm,leGall53,(baseline X6b path),961356,3.26199,9.7898,1
