image,plane,subband,orient,level,w,h,p0_stream,p2_stream,mux_stream,winner,mux_net,mux_bpp
kodim01.ppm,0,0,1,5,384,256,63056,63808,63056,P0,,
kodim01.ppm,0,1,2,5,384,256,65852,66964,65852,P0,,
kodim01.ppm,0,10,2,2,48,32,1302,1315,1302,P0,,
kodim01.ppm,0,11,3,2,48,32,1249,1261,1249,P0,,
kodim01.ppm,0,12,1,1,24,16,344,350,344,P0,,
kodim01.ppm,0,13,2,1,24,16,347,350,347,P0,,
kodim01.ppm,0,14,3,1,24,16,336,340,336,P0,,
kodim01.ppm,0,15,0,0,24,16,418,389,389,P2,,
kodim01.ppm,0,2,3,5,384,256,57738,58832,57738,P0,,
kodim01.ppm,0,3,1,4,192,128,18708,18776,18708,P0,,
kodim01.ppm,0,4,2,4,192,128,19172,19313,19172,P0,,
kodim01.ppm,0,5,3,4,192,128,18631,18795,18631,P0,,
kodim01.ppm,0,6,1,3,96,64,4911,4967,4911,P0,,
kodim01.ppm,0,7,2,3,96,64,5068,5110,5068,P0,,
kodim01.ppm,0,8,3,3,96,64,4866,4908,4866,P0,,
kodim01.ppm,0,9,1,2,48,32,1310,1324,1310,P0,,
kodim01.ppm,1,0,1,5,384,256,24339,23902,23902,P2,,
kodim01.ppm,1,1,2,5,384,256,24823,24259,24259,P2,,
kodim01.ppm,1,10,2,2,48,32,842,850,842,P0,,
kodim01.ppm,1,11,3,2,48,32,774,788,774,P0,,
kodim01.ppm,1,12,1,1,24,16,250,257,250,P0,,
kodim01.ppm,1,13,2,1,24,16,284,243,243,P2,,
kodim01.ppm,1,14,3,1,24,16,233,233,233,P0,,
kodim01.ppm,1,15,0,0,24,16,338,392,338,P0,,
kodim01.ppm,1,2,3,5,384,256,26193,27946,26193,P0,,
kodim01.ppm,1,3,1,4,192,128,10052,10112,10052,P0,,
kodim01.ppm,1,4,2,4,192,128,10300,10429,10300,P0,,
kodim01.ppm,1,5,3,4,192,128,9218,9304,9218,P0,,
kodim01.ppm,1,6,1,3,96,64,3016,3054,3016,P0,,
kodim01.ppm,1,7,2,3,96,64,3054,3099,3054,P0,,
kodim01.ppm,1,8,3,3,96,64,2806,2855,2806,P0,,
kodim01.ppm,1,9,1,2,48,32,876,892,876,P0,,
kodim01.ppm,2,0,1,5,384,256,25416,25276,25276,P2,,
kodim01.ppm,2,1,2,5,384,256,26128,25639,25639,P2,,
kodim01.ppm,2,10,2,2,48,32,910,918,910,P0,,
kodim01.ppm,2,11,3,2,48,32,847,860,847,P0,,
kodim01.ppm,2,12,1,1,24,16,275,288,275,P0,,
kodim01.ppm,2,13,2,1,24,16,302,270,270,P2,,
kodim01.ppm,2,14,3,1,24,16,254,252,252,P2,,
kodim01.ppm,2,15,0,0,24,16,375,351,351,P2,,
kodim01.ppm,2,2,3,5,384,256,27701,28918,27701,P0,,
kodim01.ppm,2,3,1,4,192,128,11219,11320,11219,P0,,
kodim01.ppm,2,4,2,4,192,128,11041,11142,11041,P0,,
kodim01.ppm,2,5,3,4,192,128,10176,10320,10176,P0,,
kodim01.ppm,2,6,1,3,96,64,3237,3279,3237,P0,,
kodim01.ppm,2,7,2,3,96,64,3182,3226,3182,P0,,
kodim01.ppm,2,8,3,3,96,64,3013,3069,3013,P0,,
kodim01.ppm,2,9,1,2,48,32,938,956,938,P0,,
kodim02.ppm,0,0,1,5,384,256,49059,49288,49059,P0,,
kodim02.ppm,0,1,2,5,384,256,49567,49854,49567,P0,,
kodim02.ppm,0,10,2,2,48,32,1033,1037,1033,P0,,
kodim02.ppm,0,11,3,2,48,32,1012,1035,1012,P0,,
kodim02.ppm,0,12,1,1,24,16,287,284,284,P2,,
kodim02.ppm,0,13,2,1,24,16,287,283,283,P2,,
kodim02.ppm,0,14,3,1,24,16,282,287,282,P0,,
kodim02.ppm,0,15,0,0,24,16,353,323,323,P2,,
kodim02.ppm,0,2,3,5,384,256,44997,45805,44997,P0,,
kodim02.ppm,0,3,1,4,192,128,14685,14667,14667,P2,,
kodim02.ppm,0,4,2,4,192,128,14874,14829,14829,P2,,
kodim02.ppm,0,5,3,4,192,128,15029,15299,15029,P0,,
kodim02.ppm,0,6,1,3,96,64,3842,3839,3839,P2,,
kodim02.ppm,0,7,2,3,96,64,3881,3900,3881,P0,,
kodim02.ppm,0,8,3,3,96,64,3884,3959,3884,P0,,
kodim02.ppm,0,9,1,2,48,32,1039,1041,1039,P0,,
kodim02.ppm,1,0,1,5,384,256,24459,24064,24064,P2,,
kodim02.ppm,1,1,2,5,384,256,24973,24341,24341,P2,,
kodim02.ppm,1,10,2,2,48,32,849,857,849,P0,,
kodim02.ppm,1,11,3,2,48,32,815,835,815,P0,,
kodim02.ppm,1,12,1,1,24,16,251,251,251,P0,,
kodim02.ppm,1,13,2,1,24,16,283,242,242,P2,,
kodim02.ppm,1,14,3,1,24,16,242,238,238,P2,,
kodim02.ppm,1,15,0,0,24,16,315,390,315,P0,,
kodim02.ppm,1,2,3,5,384,256,26315,28248,26315,P0,,
kodim02.ppm,1,3,1,4,192,128,10229,10338,10229,P0,,
kodim02.ppm,1,4,2,4,192,128,9837,9888,9837,P0,,
kodim02.ppm,1,5,3,4,192,128,9154,9260,9154,P0,,
kodim02.ppm,1,6,1,3,96,64,2997,3037,2997,P0,,
kodim02.ppm,1,7,2,3,96,64,2917,2936,2917,P0,,
kodim02.ppm,1,8,3,3,96,64,2795,2843,2795,P0,,
kodim02.ppm,1,9,1,2,48,32,866,876,866,P0,,
kodim02.ppm,2,0,1,5,384,256,25664,25267,25267,P2,,
kodim02.ppm,2,1,2,5,384,256,26546,25757,25757,P2,,
kodim02.ppm,2,10,2,2,48,32,1089,1102,1089,P0,,
kodim02.ppm,2,11,3,2,48,32,1046,1062,1046,P0,,
kodim02.ppm,2,12,1,1,24,16,314,320,314,P0,,
kodim02.ppm,2,13,2,1,24,16,309,310,309,P0,,
kodim02.ppm,2,14,3,1,24,16,295,301,295,P0,,
kodim02.ppm,2,15,0,0,24,16,384,405,384,P0,,
kodim02.ppm,2,2,3,5,384,256,27750,28947,27750,P0,,
kodim02.ppm,2,3,1,4,192,128,13232,13424,13232,P0,,
kodim02.ppm,2,4,2,4,192,128,12548,12744,12548,P0,,
kodim02.ppm,2,5,3,4,192,128,11351,11473,11351,P0,,
kodim02.ppm,2,6,1,3,96,64,3909,3951,3909,P0,,
kodim02.ppm,2,7,2,3,96,64,3787,3810,3787,P0,,
kodim02.ppm,2,8,3,3,96,64,3617,3657,3617,P0,,
kodim02.ppm,2,9,1,2,48,32,1112,1121,1112,P0,,
kodim03.ppm,0,0,1,5,384,256,38703,38975,38703,P0,,
kodim03.ppm,0,1,2,5,384,256,44271,44483,44271,P0,,
kodim03.ppm,0,10,2,2,48,32,1084,1077,1077,P2,,
kodim03.ppm,0,11,3,2,48,32,1044,1057,1044,P0,,
kodim03.ppm,0,12,1,1,24,16,318,316,316,P2,,
kodim03.ppm,0,13,2,1,24,16,310,306,306,P2,,
kodim03.ppm,0,14,3,1,24,16,301,308,301,P0,,
kodim03.ppm,0,15,0,0,24,16,407,368,368,P2,,
kodim03.ppm,0,2,3,5,384,256,38850,39426,38850,P0,,
kodim03.ppm,0,3,1,4,192,128,12455,12461,12455,P0,,
kodim03.ppm,0,4,2,4,192,128,13486,13436,13436,P2,,
kodim03.ppm,0,5,3,4,192,128,12854,13176,12854,P0,,
kodim03.ppm,0,6,1,3,96,64,3693,3694,3693,P0,,
kodim03.ppm,0,7,2,3,96,64,3776,3776,3776,P0,,
kodim03.ppm,0,8,3,3,96,64,3646,3732,3646,P0,,
kodim03.ppm,0,9,1,2,48,32,1075,1072,1072,P2,,
kodim03.ppm,1,0,1,5,384,256,22783,22487,22487,P2,,
kodim03.ppm,1,1,2,5,384,256,24439,24126,24126,P2,,
kodim03.ppm,1,10,2,2,48,32,800,789,789,P2,,
kodim03.ppm,1,11,3,2,48,32,775,791,775,P0,,
kodim03.ppm,1,12,1,1,24,16,251,250,250,P2,,
kodim03.ppm,1,13,2,1,24,16,302,235,235,P2,,
kodim03.ppm,1,14,3,1,24,16,242,240,240,P2,,
kodim03.ppm,1,15,0,0,24,16,334,415,334,P0,,
kodim03.ppm,1,2,3,5,384,256,25712,26900,25712,P0,,
kodim03.ppm,1,3,1,4,192,128,8736,8712,8712,P2,,
kodim03.ppm,1,4,2,4,192,128,9068,9050,9050,P2,,
kodim03.ppm,1,5,3,4,192,128,8736,8969,8736,P0,,
kodim03.ppm,1,6,1,3,96,64,2612,2616,2612,P0,,
kodim03.ppm,1,7,2,3,96,64,2647,2648,2647,P0,,
kodim03.ppm,1,8,3,3,96,64,2638,2723,2638,P0,,
kodim03.ppm,1,9,1,2,48,32,791,790,790,P2,,
kodim03.ppm,2,0,1,5,384,256,24502,24327,24327,P2,,
kodim03.ppm,2,1,2,5,384,256,26344,25906,25906,P2,,
kodim03.ppm,2,10,2,2,48,32,950,935,935,P2,,
kodim03.ppm,2,11,3,2,48,32,895,915,895,P0,,
kodim03.ppm,2,12,1,1,24,16,292,290,290,P2,,
kodim03.ppm,2,13,2,1,24,16,320,274,274,P2,,
kodim03.ppm,2,14,3,1,24,16,280,280,280,P0,,
kodim03.ppm,2,15,0,0,24,16,388,411,388,P0,,
kodim03.ppm,2,2,3,5,384,256,27366,28318,27366,P0,,
kodim03.ppm,2,3,1,4,192,128,10047,10028,10028,P2,,
kodim03.ppm,2,4,2,4,192,128,10380,10383,10380,P0,,
kodim03.ppm,2,5,3,4,192,128,9654,9897,9654,P0,,
kodim03.ppm,2,6,1,3,96,64,3029,3041,3029,P0,,
kodim03.ppm,2,7,2,3,96,64,3091,3079,3079,P2,,
kodim03.ppm,2,8,3,3,96,64,2988,3074,2988,P0,,
kodim03.ppm,2,9,1,2,48,32,929,935,929,P0,,
kodim04.ppm,0,0,1,5,256,384,49038,49356,49038,P0,,
kodim04.ppm,0,1,2,5,256,384,48831,49150,48831,P0,,
kodim04.ppm,0,10,2,2,32,48,1103,1103,1103,P0,,
kodim04.ppm,0,11,3,2,32,48,1099,1119,1099,P0,,
kodim04.ppm,0,12,1,1,16,24,327,325,325,P2,,
kodim04.ppm,0,13,2,1,16,24,319,316,316,P2,,
kodim04.ppm,0,14,3,1,16,24,304,309,304,P0,,
kodim04.ppm,0,15,0,0,16,24,419,377,377,P2,,
kodim04.ppm,0,2,3,5,256,384,45333,46152,45333,P0,,
kodim04.ppm,0,3,1,4,128,192,15093,15113,15093,P0,,
kodim04.ppm,0,4,2,4,128,192,14919,14849,14849,P2,,
kodim04.ppm,0,5,3,4,128,192,15173,15445,15173,P0,,
kodim04.ppm,0,6,1,3,64,96,4164,4186,4164,P0,,
kodim04.ppm,0,7,2,3,64,96,4091,4092,4091,P0,,
kodim04.ppm,0,8,3,3,64,96,4118,4199,4118,P0,,
kodim04.ppm,0,9,1,2,32,48,1138,1141,1138,P0,,
kodim04.ppm,1,0,1,5,256,384,23856,23692,23692,P2,,
kodim04.ppm,1,1,2,5,256,384,31680,32175,31680,P0,,
kodim04.ppm,1,10,2,2,32,48,877,877,877,P0,,
kodim04.ppm,1,11,3,2,32,48,872,897,872,P0,,
kodim04.ppm,1,12,1,1,16,24,266,266,266,P0,,
kodim04.ppm,1,13,2,1,16,24,289,253,253,P2,,
kodim04.ppm,1,14,3,1,16,24,250,245,245,P2,,
kodim04.ppm,1,15,0,0,16,24,334,443,334,P0,,
kodim04.ppm,1,2,3,5,256,384,26802,27336,26802,P0,,
kodim04.ppm,1,3,1,4,128,192,10565,10587,10565,P0,,
kodim04.ppm,1,4,2,4,128,192,9819,9899,9819,P0,,
kodim04.ppm,1,5,3,4,128,192,9233,9380,9233,P0,,
kodim04.ppm,1,6,1,3,64,96,3188,3212,3188,P0,,
kodim04.ppm,1,7,2,3,64,96,3199,3201,3199,P0,,
kodim04.ppm,1,8,3,3,64,96,3143,3218,3143,P0,,
kodim04.ppm,1,9,1,2,32,48,907,919,907,P0,,
kodim04.ppm,2,0,1,5,256,384,24795,24434,24434,P2,,
kodim04.ppm,2,1,2,5,256,384,35776,36543,35776,P0,,
kodim04.ppm,2,10,2,2,32,48,999,998,998,P2,,
kodim04.ppm,2,11,3,2,32,48,988,1012,988,P0,,
kodim04.ppm,2,12,1,1,16,24,305,305,305,P0,,
kodim04.ppm,2,13,2,1,16,24,318,291,291,P2,,
kodim04.ppm,2,14,3,1,16,24,281,283,281,P0,,
kodim04.ppm,2,15,0,0,16,24,383,391,383,P0,,
kodim04.ppm,2,2,3,5,256,384,28304,27906,27906,P2,,
kodim04.ppm,2,3,1,4,128,192,11959,12019,11959,P0,,
kodim04.ppm,2,4,2,4,128,192,11048,11195,11048,P0,,
kodim04.ppm,2,5,3,4,128,192,10284,10441,10284,P0,,
kodim04.ppm,2,6,1,3,64,96,3602,3610,3602,P0,,
kodim04.ppm,2,7,2,3,64,96,3609,3616,3609,P0,,
kodim04.ppm,2,8,3,3,64,96,3539,3606,3539,P0,,
kodim04.ppm,2,9,1,2,32,48,1035,1043,1035,P0,,
kodim05.ppm,0,0,1,5,384,256,61716,62271,61716,P0,,
kodim05.ppm,0,1,2,5,384,256,61499,62526,61499,P0,,
kodim05.ppm,0,10,2,2,48,32,1469,1463,1463,P2,,
kodim05.ppm,0,11,3,2,48,32,1474,1498,1474,P0,,
kodim05.ppm,0,12,1,1,24,16,384,377,377,P2,,
kodim05.ppm,0,13,2,1,24,16,398,391,391,P2,,
kodim05.ppm,0,14,3,1,24,16,398,400,398,P0,,
kodim05.ppm,0,15,0,0,24,16,472,421,421,P2,,
kodim05.ppm,0,2,3,5,384,256,53468,55426,53468,P0,,
kodim05.ppm,0,3,1,4,192,128,19858,19688,19688,P2,,
kodim05.ppm,0,4,2,4,192,128,20119,20038,20038,P2,,
kodim05.ppm,0,5,3,4,192,128,19644,19985,19644,P0,,
kodim05.ppm,0,6,1,3,96,64,5480,5435,5435,P2,,
kodim05.ppm,0,7,2,3,96,64,5561,5539,5539,P2,,
kodim05.ppm,0,8,3,3,96,64,5550,5651,5550,P0,,
kodim05.ppm,0,9,1,2,48,32,1456,1444,1444,P2,,
kodim05.ppm,1,0,1,5,384,256,25789,25329,25329,P2,,
kodim05.ppm,1,1,2,5,384,256,26867,26123,26123,P2,,
kodim05.ppm,1,10,2,2,48,32,1056,1052,1052,P2,,
kodim05.ppm,1,11,3,2,48,32,1054,1082,1054,P0,,
kodim05.ppm,1,12,1,1,24,16,295,297,295,P0,,
kodim05.ppm,1,13,2,1,24,16,320,295,295,P2,,
kodim05.ppm,1,14,3,1,24,16,302,306,302,P0,,
kodim05.ppm,1,15,0,0,24,16,354,464,354,P0,,
kodim05.ppm,1,2,3,5,384,256,27925,29707,27925,P0,,
kodim05.ppm,1,3,1,4,192,128,11359,11377,11359,P0,,
kodim05.ppm,1,4,2,4,192,128,11569,11602,11569,P0,,
kodim05.ppm,1,5,3,4,192,128,10662,10921,10662,P0,,
kodim05.ppm,1,6,1,3,96,64,3594,3587,3587,P2,,
kodim05.ppm,1,7,2,3,96,64,3627,3626,3626,P2,,
kodim05.ppm,1,8,3,3,96,64,3530,3619,3530,P0,,
kodim05.ppm,1,9,1,2,48,32,1041,1035,1035,P2,,
kodim05.ppm,2,0,1,5,384,256,27251,26961,26961,P2,,
kodim05.ppm,2,1,2,5,384,256,28605,27773,27773,P2,,
kodim05.ppm,2,10,2,2,48,32,1207,1204,1204,P2,,
kodim05.ppm,2,11,3,2,48,32,1199,1227,1199,P0,,
kodim05.ppm,2,12,1,1,24,16,334,336,334,P0,,
kodim05.ppm,2,13,2,1,24,16,343,338,338,P2,,
kodim05.ppm,2,14,3,1,24,16,339,351,339,P0,,
kodim05.ppm,2,15,0,0,24,16,410,404,404,P2,,
kodim05.ppm,2,2,3,5,384,256,29662,31059,29662,P0,,
kodim05.ppm,2,3,1,4,192,128,13017,13085,13017,P0,,
kodim05.ppm,2,4,2,4,192,128,13007,13091,13007,P0,,
kodim05.ppm,2,5,3,4,192,128,11761,12043,11761,P0,,
kodim05.ppm,2,6,1,3,96,64,4131,4127,4127,P2,,
kodim05.ppm,2,7,2,3,96,64,4181,4181,4181,P0,,
kodim05.ppm,2,8,3,3,96,64,4053,4134,4053,P0,,
kodim05.ppm,2,9,1,2,48,32,1212,1202,1202,P2,,
kodim06.ppm,0,0,1,5,384,256,50838,51174,50838,P0,,
kodim06.ppm,0,1,2,5,384,256,61464,62190,61464,P0,,
kodim06.ppm,0,10,2,2,48,32,1225,1233,1225,P0,,
kodim06.ppm,0,11,3,2,48,32,1157,1161,1157,P0,,
kodim06.ppm,0,12,1,1,24,16,312,310,310,P2,,
kodim06.ppm,0,13,2,1,24,16,328,332,328,P0,,
kodim06.ppm,0,14,3,1,24,16,320,323,320,P0,,
kodim06.ppm,0,15,0,0,24,16,395,370,370,P2,,
kodim06.ppm,0,2,3,5,384,256,50281,51358,50281,P0,,
kodim06.ppm,0,3,1,4,192,128,15470,15464,15464,P2,,
kodim06.ppm,0,4,2,4,192,128,17907,17903,17903,P2,,
kodim06.ppm,0,5,3,4,192,128,16535,16813,16535,P0,,
kodim06.ppm,0,6,1,3,96,64,4252,4253,4252,P0,,
kodim06.ppm,0,7,2,3,96,64,4654,4672,4654,P0,,
kodim06.ppm,0,8,3,3,96,64,4399,4452,4399,P0,,
kodim06.ppm,0,9,1,2,48,32,1142,1142,1142,P0,,
kodim06.ppm,1,0,1,5,384,256,24472,24033,24033,P2,,
kodim06.ppm,1,1,2,5,384,256,25842,25343,25343,P2,,
kodim06.ppm,1,10,2,2,48,32,794,807,794,P0,,
kodim06.ppm,1,11,3,2,48,32,731,752,731,P0,,
kodim06.ppm,1,12,1,1,24,16,211,202,202,P2,,
kodim06.ppm,1,13,2,1,24,16,282,228,228,P2,,
kodim06.ppm,1,14,3,1,24,16,212,206,206,P2,,
kodim06.ppm,1,15,0,0,24,16,271,321,271,P0,,
kodim06.ppm,1,2,3,5,384,256,26916,28557,26916,P0,,
kodim06.ppm,1,3,1,4,192,128,9050,9017,9017,P2,,
kodim06.ppm,1,4,2,4,192,128,9947,10015,9947,P0,,
kodim06.ppm,1,5,3,4,192,128,9064,9272,9064,P0,,
kodim06.ppm,1,6,1,3,96,64,2551,2563,2551,P0,,
kodim06.ppm,1,7,2,3,96,64,2816,2840,2816,P0,,
kodim06.ppm,1,8,3,3,96,64,2668,2736,2668,P0,,
kodim06.ppm,1,9,1,2,48,32,701,706,701,P0,,
kodim06.ppm,2,0,1,5,384,256,26846,26650,26650,P2,,
kodim06.ppm,2,1,2,5,384,256,28550,27916,27916,P2,,
kodim06.ppm,2,10,2,2,48,32,998,1010,998,P0,,
kodim06.ppm,2,11,3,2,48,32,918,935,918,P0,,
kodim06.ppm,2,12,1,1,24,16,246,248,246,P0,,
kodim06.ppm,2,13,2,1,24,16,294,271,271,P2,,
kodim06.ppm,2,14,3,1,24,16,259,262,259,P0,,
kodim06.ppm,2,15,0,0,24,16,318,377,318,P0,,
kodim06.ppm,2,2,3,5,384,256,29408,30646,29408,P0,,
kodim06.ppm,2,3,1,4,192,128,10833,10833,10833,P0,,
kodim06.ppm,2,4,2,4,192,128,12680,12842,12680,P0,,
kodim06.ppm,2,5,3,4,192,128,10837,11049,10837,P0,,
kodim06.ppm,2,6,1,3,96,64,3175,3188,3175,P0,,
kodim06.ppm,2,7,2,3,96,64,3656,3699,3656,P0,,
kodim06.ppm,2,8,3,3,96,64,3335,3399,3335,P0,,
kodim06.ppm,2,9,1,2,48,32,889,895,889,P0,,
kodim07.ppm,0,0,1,5,384,256,41718,42012,41718,P0,,
kodim07.ppm,0,1,2,5,384,256,44580,45147,44580,P0,,
kodim07.ppm,0,10,2,2,48,32,1230,1238,1230,P0,,
kodim07.ppm,0,11,3,2,48,32,1197,1207,1197,P0,,
kodim07.ppm,0,12,1,1,24,16,340,337,337,P2,,
kodim07.ppm,0,13,2,1,24,16,337,335,335,P2,,
kodim07.ppm,0,14,3,1,24,16,328,333,328,P0,,
kodim07.ppm,0,15,0,0,24,16,412,386,386,P2,,
kodim07.ppm,0,2,3,5,384,256,39756,40104,39756,P0,,
kodim07.ppm,0,3,1,4,192,128,13683,13667,13667,P2,,
kodim07.ppm,0,4,2,4,192,128,14579,14818,14579,P0,,
kodim07.ppm,0,5,3,4,192,128,13381,13600,13381,P0,,
kodim07.ppm,0,6,1,3,96,64,4117,4109,4109,P2,,
kodim07.ppm,0,7,2,3,96,64,4506,4541,4506,P0,,
kodim07.ppm,0,8,3,3,96,64,4179,4232,4179,P0,,
kodim07.ppm,0,9,1,2,48,32,1193,1196,1193,P0,,
kodim07.ppm,1,0,1,5,384,256,22614,22324,22324,P2,,
kodim07.ppm,1,1,2,5,384,256,24056,23597,23597,P2,,
kodim07.ppm,1,10,2,2,48,32,920,922,920,P0,,
kodim07.ppm,1,11,3,2,48,32,887,909,887,P0,,
kodim07.ppm,1,12,1,1,24,16,264,267,264,P0,,
kodim07.ppm,1,13,2,1,24,16,305,265,265,P2,,
kodim07.ppm,1,14,3,1,24,16,265,266,265,P0,,
kodim07.ppm,1,15,0,0,24,16,328,362,328,P0,,
kodim07.ppm,1,2,3,5,384,256,25442,26792,25442,P0,,
kodim07.ppm,1,3,1,4,192,128,9460,9477,9460,P0,,
kodim07.ppm,1,4,2,4,192,128,9916,10038,9916,P0,,
kodim07.ppm,1,5,3,4,192,128,9079,9231,9079,P0,,
kodim07.ppm,1,6,1,3,96,64,2942,2949,2942,P0,,
kodim07.ppm,1,7,2,3,96,64,3188,3216,3188,P0,,
kodim07.ppm,1,8,3,3,96,64,2942,3007,2942,P0,,
kodim07.ppm,1,9,1,2,48,32,889,889,889,P0,,
kodim07.ppm,2,0,1,5,384,256,24314,24146,24146,P2,,
kodim07.ppm,2,1,2,5,384,256,26034,25418,25418,P2,,
kodim07.ppm,2,10,2,2,48,32,1035,1040,1035,P0,,
kodim07.ppm,2,11,3,2,48,32,997,1015,997,P0,,
kodim07.ppm,2,12,1,1,24,16,295,300,295,P0,,
kodim07.ppm,2,13,2,1,24,16,325,298,298,P2,,
kodim07.ppm,2,14,3,1,24,16,291,296,291,P0,,
kodim07.ppm,2,15,0,0,24,16,373,386,373,P0,,
kodim07.ppm,2,2,3,5,384,256,27131,28173,27131,P0,,
kodim07.ppm,2,3,1,4,192,128,10843,10899,10843,P0,,
kodim07.ppm,2,4,2,4,192,128,11323,11448,11323,P0,,
kodim07.ppm,2,5,3,4,192,128,10217,10413,10217,P0,,
kodim07.ppm,2,6,1,3,96,64,3356,3372,3356,P0,,
kodim07.ppm,2,7,2,3,96,64,3588,3620,3588,P0,,
kodim07.ppm,2,8,3,3,96,64,3331,3389,3331,P0,,
kodim07.ppm,2,9,1,2,48,32,1001,1005,1001,P0,,
kodim08.ppm,0,0,1,5,384,256,66088,67491,66088,P0,,
kodim08.ppm,0,1,2,5,384,256,66161,66657,66161,P0,,
kodim08.ppm,0,10,2,2,48,32,1426,1434,1426,P0,,
kodim08.ppm,0,11,3,2,48,32,1385,1407,1385,P0,,
kodim08.ppm,0,12,1,1,24,16,392,390,390,P2,,
kodim08.ppm,0,13,2,1,24,16,379,377,377,P2,,
kodim08.ppm,0,14,3,1,24,16,368,371,368,P0,,
kodim08.ppm,0,15,0,0,24,16,484,418,418,P2,,
kodim08.ppm,0,2,3,5,384,256,58178,59127,58178,P0,,
kodim08.ppm,0,3,1,4,192,128,19722,19989,19722,P0,,
kodim08.ppm,0,4,2,4,192,128,19292,19336,19292,P0,,
kodim08.ppm,0,5,3,4,192,128,18408,18570,18408,P0,,
kodim08.ppm,0,6,1,3,96,64,5368,5421,5368,P0,,
kodim08.ppm,0,7,2,3,96,64,5240,5276,5240,P0,,
kodim08.ppm,0,8,3,3,96,64,5063,5114,5063,P0,,
kodim08.ppm,0,9,1,2,48,32,1447,1460,1447,P0,,
kodim08.ppm,1,0,1,5,384,256,28107,27721,27721,P2,,
kodim08.ppm,1,1,2,5,384,256,28136,27468,27468,P2,,
kodim08.ppm,1,10,2,2,48,32,889,896,889,P0,,
kodim08.ppm,1,11,3,2,48,32,846,869,846,P0,,
kodim08.ppm,1,12,1,1,24,16,259,261,259,P0,,
kodim08.ppm,1,13,2,1,24,16,289,248,248,P2,,
kodim08.ppm,1,14,3,1,24,16,239,239,239,P0,,
kodim08.ppm,1,15,0,0,24,16,318,458,318,P0,,
kodim08.ppm,1,2,3,5,384,256,28894,30519,28894,P0,,
kodim08.ppm,1,3,1,4,192,128,11467,11605,11467,P0,,
kodim08.ppm,1,4,2,4,192,128,10754,10791,10754,P0,,
kodim08.ppm,1,5,3,4,192,128,10136,10297,10136,P0,,
kodim08.ppm,1,6,1,3,96,64,3347,3397,3347,P0,,
kodim08.ppm,1,7,2,3,96,64,3112,3129,3112,P0,,
kodim08.ppm,1,8,3,3,96,64,3009,3079,3009,P0,,
kodim08.ppm,1,9,1,2,48,32,930,947,930,P0,,
kodim08.ppm,2,0,1,5,384,256,30077,29721,29721,P2,,
kodim08.ppm,2,1,2,5,384,256,30365,29508,29508,P2,,
kodim08.ppm,2,10,2,2,48,32,1090,1093,1090,P0,,
kodim08.ppm,2,11,3,2,48,32,1054,1073,1054,P0,,
kodim08.ppm,2,12,1,1,24,16,310,316,310,P0,,
kodim08.ppm,2,13,2,1,24,16,321,312,312,P2,,
kodim08.ppm,2,14,3,1,24,16,290,292,290,P0,,
kodim08.ppm,2,15,0,0,24,16,386,432,386,P0,,
kodim08.ppm,2,2,3,5,384,256,31191,32374,31191,P0,,
kodim08.ppm,2,3,1,4,192,128,13645,13847,13645,P0,,
kodim08.ppm,2,4,2,4,192,128,13253,13406,13253,P0,,
kodim08.ppm,2,5,3,4,192,128,12052,12229,12052,P0,,
kodim08.ppm,2,6,1,3,96,64,4018,4074,4018,P0,,
kodim08.ppm,2,7,2,3,96,64,3857,3895,3857,P0,,
kodim08.ppm,2,8,3,3,96,64,3673,3741,3673,P0,,
kodim08.ppm,2,9,1,2,48,32,1121,1138,1121,P0,,
kodim09.ppm,0,0,1,5,256,384,46896,47074,46896,P0,,
kodim09.ppm,0,1,2,5,256,384,47477,47812,47477,P0,,
kodim09.ppm,0,10,2,2,32,48,1068,1074,1068,P0,,
kodim09.ppm,0,11,3,2,32,48,1000,1016,1000,P0,,
kodim09.ppm,0,12,1,1,16,24,302,301,301,P2,,
kodim09.ppm,0,13,2,1,16,24,308,309,308,P0,,
kodim09.ppm,0,14,3,1,16,24,289,292,289,P0,,
kodim09.ppm,0,15,0,0,16,24,393,365,365,P2,,
kodim09.ppm,0,2,3,5,256,384,45229,45908,45229,P0,,
kodim09.ppm,0,3,1,4,128,192,13463,13558,13463,P0,,
kodim09.ppm,0,4,2,4,128,192,13862,13873,13862,P0,,
kodim09.ppm,0,5,3,4,128,192,13586,13932,13586,P0,,
kodim09.ppm,0,6,1,3,64,96,3682,3709,3682,P0,,
kodim09.ppm,0,7,2,3,64,96,3726,3731,3726,P0,,
kodim09.ppm,0,8,3,3,64,96,3591,3648,3591,P0,,
kodim09.ppm,0,9,1,2,32,48,1058,1062,1058,P0,,
kodim09.ppm,1,0,1,5,256,384,23580,23499,23499,P2,,
kodim09.ppm,1,1,2,5,256,384,30431,30821,30431,P0,,
kodim09.ppm,1,10,2,2,32,48,762,771,762,P0,,
kodim09.ppm,1,11,3,2,32,48,733,759,733,P0,,
kodim09.ppm,1,12,1,1,16,24,217,207,207,P2,,
kodim09.ppm,1,13,2,1,16,24,286,207,207,P2,,
kodim09.ppm,1,14,3,1,16,24,225,211,211,P2,,
kodim09.ppm,1,15,0,0,16,24,284,343,284,P0,,
kodim09.ppm,1,2,3,5,256,384,26522,27321,26522,P0,,
kodim09.ppm,1,3,1,4,128,192,9609,9559,9559,P2,,
kodim09.ppm,1,4,2,4,128,192,9100,9172,9100,P0,,
kodim09.ppm,1,5,3,4,128,192,8773,8933,8773,P0,,
kodim09.ppm,1,6,1,3,64,96,2662,2668,2662,P0,,
kodim09.ppm,1,7,2,3,64,96,2813,2830,2813,P0,,
kodim09.ppm,1,8,3,3,64,96,2771,2849,2771,P0,,
kodim09.ppm,1,9,1,2,32,48,734,746,734,P0,,
kodim09.ppm,2,0,1,5,256,384,24771,24617,24617,P2,,
kodim09.ppm,2,1,2,5,256,384,32448,32965,32448,P0,,
kodim09.ppm,2,10,2,2,32,48,909,918,909,P0,,
kodim09.ppm,2,11,3,2,32,48,850,874,850,P0,,
kodim09.ppm,2,12,1,1,16,24,250,247,247,P2,,
kodim09.ppm,2,13,2,1,16,24,307,270,270,P2,,
kodim09.ppm,2,14,3,1,16,24,260,254,254,P2,,
kodim09.ppm,2,15,0,0,16,24,352,462,352,P0,,
kodim09.ppm,2,2,3,5,256,384,28127,28255,28127,P0,,
kodim09.ppm,2,3,1,4,128,192,10319,10312,10312,P2,,
kodim09.ppm,2,4,2,4,128,192,9767,9874,9767,P0,,
kodim09.ppm,2,5,3,4,128,192,9336,9520,9336,P0,,
kodim09.ppm,2,6,1,3,64,96,2938,2949,2938,P0,,
kodim09.ppm,2,7,2,3,64,96,3135,3146,3135,P0,,
kodim09.ppm,2,8,3,3,64,96,2993,3082,2993,P0,,
kodim09.ppm,2,9,1,2,32,48,846,849,846,P0,,
kodim10.ppm,0,0,1,5,256,384,48534,48783,48534,P0,,
kodim10.ppm,0,1,2,5,256,384,47165,47643,47165,P0,,
kodim10.ppm,0,10,2,2,32,48,1130,1133,1130,P0,,
kodim10.ppm,0,11,3,2,32,48,1093,1108,1093,P0,,
kodim10.ppm,0,12,1,1,16,24,322,316,316,P2,,
kodim10.ppm,0,13,2,1,16,24,317,319,317,P0,,
kodim10.ppm,0,14,3,1,16,24,307,314,307,P0,,
kodim10.ppm,0,15,0,0,16,24,406,374,374,P2,,
kodim10.ppm,0,2,3,5,256,384,44691,45463,44691,P0,,
kodim10.ppm,0,3,1,4,128,192,14685,14685,14685,P0,,
kodim10.ppm,0,4,2,4,128,192,14350,14435,14350,P0,,
kodim10.ppm,0,5,3,4,128,192,14028,14339,14028,P0,,
kodim10.ppm,0,6,1,3,64,96,4074,4083,4074,P0,,
kodim10.ppm,0,7,2,3,64,96,4076,4090,4076,P0,,
kodim10.ppm,0,8,3,3,64,96,3868,3931,3868,P0,,
kodim10.ppm,0,9,1,2,32,48,1161,1158,1158,P2,,
kodim10.ppm,1,0,1,5,256,384,24034,23931,23931,P2,,
kodim10.ppm,1,1,2,5,256,384,30509,30821,30509,P0,,
kodim10.ppm,1,10,2,2,32,48,757,765,757,P0,,
kodim10.ppm,1,11,3,2,32,48,729,754,729,P0,,
kodim10.ppm,1,12,1,1,16,24,218,215,215,P2,,
kodim10.ppm,1,13,2,1,16,24,273,215,215,P2,,
kodim10.ppm,1,14,3,1,16,24,218,213,213,P2,,
kodim10.ppm,1,15,0,0,16,24,281,341,281,P0,,
kodim10.ppm,1,2,3,5,256,384,27004,27743,27004,P0,,
kodim10.ppm,1,3,1,4,128,192,9767,9729,9729,P2,,
kodim10.ppm,1,4,2,4,128,192,9114,9178,9114,P0,,
kodim10.ppm,1,5,3,4,128,192,8911,9068,8911,P0,,
kodim10.ppm,1,6,1,3,64,96,2739,2744,2739,P0,,
kodim10.ppm,1,7,2,3,64,96,2859,2876,2859,P0,,
kodim10.ppm,1,8,3,3,64,96,2745,2835,2745,P0,,
kodim10.ppm,1,9,1,2,32,48,751,761,751,P0,,
kodim10.ppm,2,0,1,5,256,384,25472,25300,25300,P2,,
kodim10.ppm,2,1,2,5,256,384,33152,33669,33152,P0,,
kodim10.ppm,2,10,2,2,32,48,931,933,931,P0,,
kodim10.ppm,2,11,3,2,32,48,887,912,887,P0,,
kodim10.ppm,2,12,1,1,16,24,284,285,284,P0,,
kodim10.ppm,2,13,2,1,16,24,296,270,270,P2,,
kodim10.ppm,2,14,3,1,16,24,270,274,270,P0,,
kodim10.ppm,2,15,0,0,16,24,347,455,347,P0,,
kodim10.ppm,2,2,3,5,256,384,28832,28904,28832,P0,,
kodim10.ppm,2,3,1,4,128,192,10850,10863,10850,P0,,
kodim10.ppm,2,4,2,4,128,192,9971,10092,9971,P0,,
kodim10.ppm,2,5,3,4,128,192,9543,9713,9543,P0,,
kodim10.ppm,2,6,1,3,64,96,3247,3256,3247,P0,,
kodim10.ppm,2,7,2,3,64,96,3216,3236,3216,P0,,
kodim10.ppm,2,8,3,3,64,96,3126,3195,3126,P0,,
kodim10.ppm,2,9,1,2,32,48,955,958,955,P0,,
kodim11.ppm,0,0,1,5,384,256,51205,51630,51205,P0,,
kodim11.ppm,0,1,2,5,384,256,56833,57368,56833,P0,,
kodim11.ppm,0,10,2,2,48,32,1200,1213,1200,P0,,
kodim11.ppm,0,11,3,2,48,32,1147,1160,1147,P0,,
kodim11.ppm,0,12,1,1,24,16,317,315,315,P2,,
kodim11.ppm,0,13,2,1,24,16,319,323,319,P0,,
kodim11.ppm,0,14,3,1,24,16,308,314,308,P0,,
kodim11.ppm,0,15,0,0,24,16,400,382,382,P2,,
kodim11.ppm,0,2,3,5,384,256,48515,49391,48515,P0,,
kodim11.ppm,0,3,1,4,192,128,15630,15655,15630,P0,,
kodim11.ppm,0,4,2,4,192,128,16757,16796,16757,P0,,
kodim11.ppm,0,5,3,4,192,128,15884,16167,15884,P0,,
kodim11.ppm,0,6,1,3,96,64,4258,4274,4258,P0,,
kodim11.ppm,0,7,2,3,96,64,4460,4496,4460,P0,,
kodim11.ppm,0,8,3,3,96,64,4278,4338,4278,P0,,
kodim11.ppm,0,9,1,2,48,32,1158,1160,1158,P0,,
kodim11.ppm,1,0,1,5,384,256,22817,22469,22469,P2,,
kodim11.ppm,1,1,2,5,384,256,24098,23622,23622,P2,,
kodim11.ppm,1,10,2,2,48,32,850,863,850,P0,,
kodim11.ppm,1,11,3,2,48,32,786,805,786,P0,,
kodim11.ppm,1,12,1,1,24,16,233,229,229,P2,,
kodim11.ppm,1,13,2,1,24,16,286,229,229,P2,,
kodim11.ppm,1,14,3,1,24,16,224,222,222,P2,,
kodim11.ppm,1,15,0,0,24,16,292,414,292,P0,,
kodim11.ppm,1,2,3,5,384,256,25384,26826,25384,P0,,
kodim11.ppm,1,3,1,4,192,128,9033,9040,9033,P0,,
kodim11.ppm,1,4,2,4,192,128,9816,9911,9816,P0,,
kodim11.ppm,1,5,3,4,192,128,8783,8951,8783,P0,,
kodim11.ppm,1,6,1,3,96,64,2724,2727,2724,P0,,
kodim11.ppm,1,7,2,3,96,64,2940,2969,2940,P0,,
kodim11.ppm,1,8,3,3,96,64,2710,2782,2710,P0,,
kodim11.ppm,1,9,1,2,48,32,792,799,792,P0,,
kodim11.ppm,2,0,1,5,384,256,24202,24010,24010,P2,,
kodim11.ppm,2,1,2,5,384,256,25897,25256,25256,P2,,
kodim11.ppm,2,10,2,2,48,32,1028,1038,1028,P0,,
kodim11.ppm,2,11,3,2,48,32,964,992,964,P0,,
kodim11.ppm,2,12,1,1,24,16,287,287,287,P0,,
kodim11.ppm,2,13,2,1,24,16,313,284,284,P2,,
kodim11.ppm,2,14,3,1,24,16,283,284,283,P0,,
kodim11.ppm,2,15,0,0,24,16,362,431,362,P0,,
kodim11.ppm,2,2,3,5,384,256,26909,27952,26909,P0,,
kodim11.ppm,2,3,1,4,192,128,11069,11148,11069,P0,,
kodim11.ppm,2,4,2,4,192,128,11848,11990,11848,P0,,
kodim11.ppm,2,5,3,4,192,128,10325,10491,10325,P0,,
kodim11.ppm,2,6,1,3,96,64,3363,3379,3363,P0,,
kodim11.ppm,2,7,2,3,96,64,3584,3604,3584,P0,,
kodim11.ppm,2,8,3,3,96,64,3306,3385,3306,P0,,
kodim11.ppm,2,9,1,2,48,32,981,995,981,P0,,
kodim12.ppm,0,0,1,5,384,256,43334,43355,43334,P0,,
kodim12.ppm,0,1,2,5,384,256,49129,49727,49129,P0,,
kodim12.ppm,0,10,2,2,48,32,1076,1094,1076,P0,,
kodim12.ppm,0,11,3,2,48,32,1017,1032,1017,P0,,
kodim12.ppm,0,12,1,1,24,16,290,291,290,P0,,
kodim12.ppm,0,13,2,1,24,16,303,308,303,P0,,
kodim12.ppm,0,14,3,1,24,16,287,286,286,P2,,
kodim12.ppm,0,15,0,0,24,16,369,363,363,P2,,
kodim12.ppm,0,2,3,5,384,256,42519,43116,42519,P0,,
kodim12.ppm,0,3,1,4,192,128,13357,13340,13340,P2,,
kodim12.ppm,0,4,2,4,192,128,14840,14909,14840,P0,,
kodim12.ppm,0,5,3,4,192,128,14043,14340,14043,P0,,
kodim12.ppm,0,6,1,3,96,64,3745,3738,3738,P2,,
kodim12.ppm,0,7,2,3,96,64,3996,3997,3996,P0,,
kodim12.ppm,0,8,3,3,96,64,3788,3852,3788,P0,,
kodim12.ppm,0,9,1,2,48,32,1041,1043,1041,P0,,
kodim12.ppm,1,0,1,5,384,256,23846,23504,23504,P2,,
kodim12.ppm,1,1,2,5,384,256,25468,25193,25193,P2,,
kodim12.ppm,1,10,2,2,48,32,774,778,774,P0,,
kodim12.ppm,1,11,3,2,48,32,725,747,725,P0,,
kodim12.ppm,1,12,1,1,24,16,223,217,217,P2,,
kodim12.ppm,1,13,2,1,24,16,283,223,223,P2,,
kodim12.ppm,1,14,3,1,24,16,221,211,211,P2,,
kodim12.ppm,1,15,0,0,24,16,282,321,282,P0,,
kodim12.ppm,1,2,3,5,384,256,26480,27816,26480,P0,,
kodim12.ppm,1,3,1,4,192,128,9068,9042,9042,P2,,
kodim12.ppm,1,4,2,4,192,128,9284,9289,9284,P0,,
kodim12.ppm,1,5,3,4,192,128,8910,9089,8910,P0,,
kodim12.ppm,1,6,1,3,96,64,2580,2602,2580,P0,,
kodim12.ppm,1,7,2,3,96,64,2701,2717,2701,P0,,
kodim12.ppm,1,8,3,3,96,64,2624,2686,2624,P0,,
kodim12.ppm,1,9,1,2,48,32,743,754,743,P0,,
kodim12.ppm,2,0,1,5,384,256,24400,24231,24231,P2,,
kodim12.ppm,2,1,2,5,384,256,26135,25795,25795,P2,,
kodim12.ppm,2,10,2,2,48,32,848,849,848,P0,,
kodim12.ppm,2,11,3,2,48,32,809,829,809,P0,,
kodim12.ppm,2,12,1,1,24,16,241,238,238,P2,,
kodim12.ppm,2,13,2,1,24,16,287,239,239,P2,,
kodim12.ppm,2,14,3,1,24,16,237,232,232,P2,,
kodim12.ppm,2,15,0,0,24,16,294,375,294,P0,,
kodim12.ppm,2,2,3,5,384,256,27221,28449,27221,P0,,
kodim12.ppm,2,3,1,4,192,128,9878,9905,9878,P0,,
kodim12.ppm,2,4,2,4,192,128,10195,10257,10195,P0,,
kodim12.ppm,2,5,3,4,192,128,9507,9740,9507,P0,,
kodim12.ppm,2,6,1,3,96,64,2836,2847,2836,P0,,
kodim12.ppm,2,7,2,3,96,64,3009,3027,3009,P0,,
kodim12.ppm,2,8,3,3,96,64,2869,2924,2869,P0,,
kodim12.ppm,2,9,1,2,48,32,810,811,810,P0,,
kodim13.ppm,0,0,1,5,384,256,70336,70554,70336,P0,,
kodim13.ppm,0,1,2,5,384,256,74176,74498,74176,P0,,
kodim13.ppm,0,10,2,2,48,32,1412,1410,1410,P2,,
kodim13.ppm,0,11,3,2,48,32,1386,1406,1386,P0,,
kodim13.ppm,0,12,1,1,24,16,353,349,349,P2,,
kodim13.ppm,0,13,2,1,24,16,365,363,363,P2,,
kodim13.ppm,0,14,3,1,24,16,361,366,361,P0,,
kodim13.ppm,0,15,0,0,24,16,436,378,378,P2,,
kodim13.ppm,0,2,3,5,384,256,67595,69073,67595,P0,,
kodim13.ppm,0,3,1,4,192,128,20262,20154,20154,P2,,
kodim13.ppm,0,4,2,4,192,128,21105,21005,21005,P2,,
kodim13.ppm,0,5,3,4,192,128,21018,21277,21018,P0,,
kodim13.ppm,0,6,1,3,96,64,5280,5262,5262,P2,,
kodim13.ppm,0,7,2,3,96,64,5456,5459,5456,P0,,
kodim13.ppm,0,8,3,3,96,64,5449,5528,5449,P0,,
kodim13.ppm,0,9,1,2,48,32,1365,1362,1362,P2,,
kodim13.ppm,1,0,1,5,384,256,27597,27121,27121,P2,,
kodim13.ppm,1,1,2,5,384,256,28718,27922,27922,P2,,
kodim13.ppm,1,10,2,2,48,32,969,972,969,P0,,
kodim13.ppm,1,11,3,2,48,32,950,981,950,P0,,
kodim13.ppm,1,12,1,1,24,16,239,244,239,P0,,
kodim13.ppm,1,13,2,1,24,16,287,258,258,P2,,
kodim13.ppm,1,14,3,1,24,16,254,259,254,P0,,
kodim13.ppm,1,15,0,0,24,16,303,327,303,P0,,
kodim13.ppm,1,2,3,5,384,256,29602,31305,29602,P0,,
kodim13.ppm,1,3,1,4,192,128,11536,11565,11536,P0,,
kodim13.ppm,1,4,2,4,192,128,12032,12080,12032,P0,,
kodim13.ppm,1,5,3,4,192,128,11132,11369,11132,P0,,
kodim13.ppm,1,6,1,3,96,64,3323,3328,3323,P0,,
kodim13.ppm,1,7,2,3,96,64,3521,3529,3521,P0,,
kodim13.ppm,1,8,3,3,96,64,3418,3484,3418,P0,,
kodim13.ppm,1,9,1,2,48,32,919,924,919,P0,,
kodim13.ppm,2,0,1,5,384,256,30044,29703,29703,P2,,
kodim13.ppm,2,1,2,5,384,256,31429,30324,30324,P2,,
kodim13.ppm,2,10,2,2,48,32,1080,1082,1080,P0,,
kodim13.ppm,2,11,3,2,48,32,1060,1087,1060,P0,,
kodim13.ppm,2,12,1,1,24,16,276,282,276,P0,,
kodim13.ppm,2,13,2,1,24,16,309,296,296,P2,,
kodim13.ppm,2,14,3,1,24,16,284,293,284,P0,,
kodim13.ppm,2,15,0,0,24,16,337,352,337,P0,,
kodim13.ppm,2,2,3,5,384,256,32374,33567,32374,P0,,
kodim13.ppm,2,3,1,4,192,128,13085,13134,13085,P0,,
kodim13.ppm,2,4,2,4,192,128,13742,13839,13742,P0,,
kodim13.ppm,2,5,3,4,192,128,12553,12796,12553,P0,,
kodim13.ppm,2,6,1,3,96,64,3767,3775,3767,P0,,
kodim13.ppm,2,7,2,3,96,64,3982,4001,3982,P0,,
kodim13.ppm,2,8,3,3,96,64,3846,3927,3846,P0,,
kodim13.ppm,2,9,1,2,48,32,1029,1036,1029,P0,,
kodim14.ppm,0,0,1,5,384,256,55742,56343,55742,P0,,
kodim14.ppm,0,1,2,5,384,256,62258,63022,62258,P0,,
kodim14.ppm,0,10,2,2,48,32,1342,1348,1342,P0,,
kodim14.ppm,0,11,3,2,48,32,1314,1340,1314,P0,,
kodim14.ppm,0,12,1,1,24,16,349,346,346,P2,,
kodim14.ppm,0,13,2,1,24,16,352,352,352,P0,,
kodim14.ppm,0,14,3,1,24,16,345,351,345,P0,,
kodim14.ppm,0,15,0,0,24,16,426,379,379,P2,,
kodim14.ppm,0,2,3,5,384,256,52100,53713,52100,P0,,
kodim14.ppm,0,3,1,4,192,128,17606,17554,17554,P2,,
kodim14.ppm,0,4,2,4,192,128,18992,18905,18905,P2,,
kodim14.ppm,0,5,3,4,192,128,18258,18537,18258,P0,,
kodim14.ppm,0,6,1,3,96,64,4865,4841,4841,P2,,
kodim14.ppm,0,7,2,3,96,64,5075,5067,5067,P2,,
kodim14.ppm,0,8,3,3,96,64,4978,5064,4978,P0,,
kodim14.ppm,0,9,1,2,48,32,1305,1304,1304,P2,,
kodim14.ppm,1,0,1,5,384,256,24510,24055,24055,P2,,
kodim14.ppm,1,1,2,5,384,256,26158,25565,25565,P2,,
kodim14.ppm,1,10,2,2,48,32,893,899,893,P0,,
kodim14.ppm,1,11,3,2,48,32,869,894,869,P0,,
kodim14.ppm,1,12,1,1,24,16,260,253,253,P2,,
kodim14.ppm,1,13,2,1,24,16,309,259,259,P2,,
kodim14.ppm,1,14,3,1,24,16,260,254,254,P2,,
kodim14.ppm,1,15,0,0,24,16,334,425,334,P0,,
kodim14.ppm,1,2,3,5,384,256,27079,28866,27079,P0,,
kodim14.ppm,1,3,1,4,192,128,9770,9783,9770,P0,,
kodim14.ppm,1,4,2,4,192,128,10222,10256,10222,P0,,
kodim14.ppm,1,5,3,4,192,128,9516,9769,9516,P0,,
kodim14.ppm,1,6,1,3,96,64,2931,2930,2930,P2,,
kodim14.ppm,1,7,2,3,96,64,3104,3113,3104,P0,,
kodim14.ppm,1,8,3,3,96,64,2966,3049,2966,P0,,
kodim14.ppm,1,9,1,2,48,32,856,862,856,P0,,
kodim14.ppm,2,0,1,5,384,256,26223,25803,25803,P2,,
kodim14.ppm,2,1,2,5,384,256,28398,27322,27322,P2,,
kodim14.ppm,2,10,2,2,48,32,1159,1154,1154,P2,,
kodim14.ppm,2,11,3,2,48,32,1107,1132,1107,P0,,
kodim14.ppm,2,12,1,1,24,16,308,308,308,P0,,
kodim14.ppm,2,13,2,1,24,16,345,329,329,P2,,
kodim14.ppm,2,14,3,1,24,16,313,320,313,P0,,
kodim14.ppm,2,15,0,0,24,16,400,395,395,P2,,
kodim14.ppm,2,2,3,5,384,256,28920,30166,28920,P0,,
kodim14.ppm,2,3,1,4,192,128,12030,12067,12030,P0,,
kodim14.ppm,2,4,2,4,192,128,13041,13132,13041,P0,,
kodim14.ppm,2,5,3,4,192,128,11383,11644,11383,P0,,
kodim14.ppm,2,6,1,3,96,64,3775,3769,3769,P2,,
kodim14.ppm,2,7,2,3,96,64,4076,4092,4076,P0,,
kodim14.ppm,2,8,3,3,96,64,3791,3861,3791,P0,,
kodim14.ppm,2,9,1,2,48,32,1098,1100,1098,P0,,
kodim15.ppm,0,0,1,5,384,256,47773,47985,47773,P0,,
kodim15.ppm,0,1,2,5,384,256,45949,45903,45903,P2,,
kodim15.ppm,0,10,2,2,48,32,1090,1083,1083,P2,,
kodim15.ppm,0,11,3,2,48,32,1076,1076,1076,P0,,
kodim15.ppm,0,12,1,1,24,16,342,341,341,P2,,
kodim15.ppm,0,13,2,1,24,16,331,321,321,P2,,
kodim15.ppm,0,14,3,1,24,16,326,329,326,P0,,
kodim15.ppm,0,15,0,0,24,16,448,411,411,P2,,
kodim15.ppm,0,2,3,5,384,256,44214,44739,44214,P0,,
kodim15.ppm,0,3,1,4,192,128,14447,14421,14421,P2,,
kodim15.ppm,0,4,2,4,192,128,13706,13583,13583,P2,,
kodim15.ppm,0,5,3,4,192,128,14395,14635,14395,P0,,
kodim15.ppm,0,6,1,3,96,64,3992,3992,3992,P0,,
kodim15.ppm,0,7,2,3,96,64,3743,3737,3737,P2,,
kodim15.ppm,0,8,3,3,96,64,3859,3911,3859,P0,,
kodim15.ppm,0,9,1,2,48,32,1120,1113,1113,P2,,
kodim15.ppm,1,0,1,5,384,256,25844,25473,25473,P2,,
kodim15.ppm,1,1,2,5,384,256,25904,25414,25414,P2,,
kodim15.ppm,1,10,2,2,48,32,843,841,841,P2,,
kodim15.ppm,1,11,3,2,48,32,843,865,843,P0,,
kodim15.ppm,1,12,1,1,24,16,275,275,275,P0,,
kodim15.ppm,1,13,2,1,24,16,301,254,254,P2,,
kodim15.ppm,1,14,3,1,24,16,261,262,261,P0,,
kodim15.ppm,1,15,0,0,24,16,343,433,343,P0,,
kodim15.ppm,1,2,3,5,384,256,27640,28937,27640,P0,,
kodim15.ppm,1,3,1,4,192,128,10567,10603,10567,P0,,
kodim15.ppm,1,4,2,4,192,128,9799,9800,9799,P0,,
kodim15.ppm,1,5,3,4,192,128,9843,10074,9843,P0,,
kodim15.ppm,1,6,1,3,96,64,3131,3137,3131,P0,,
kodim15.ppm,1,7,2,3,96,64,2878,2882,2878,P0,,
kodim15.ppm,1,8,3,3,96,64,2977,3050,2977,P0,,
kodim15.ppm,1,9,1,2,48,32,889,893,889,P0,,
kodim15.ppm,2,0,1,5,384,256,25193,24882,24882,P2,,
kodim15.ppm,2,1,2,5,384,256,25374,24754,24754,P2,,
kodim15.ppm,2,10,2,2,48,32,956,957,956,P0,,
kodim15.ppm,2,11,3,2,48,32,930,957,930,P0,,
kodim15.ppm,2,12,1,1,24,16,301,302,301,P0,,
kodim15.ppm,2,13,2,1,24,16,312,279,279,P2,,
kodim15.ppm,2,14,3,1,24,16,288,291,288,P0,,
kodim15.ppm,2,15,0,0,24,16,379,438,379,P0,,
kodim15.ppm,2,2,3,5,384,256,27280,28298,27280,P0,,
kodim15.ppm,2,3,1,4,192,128,11576,11611,11576,P0,,
kodim15.ppm,2,4,2,4,192,128,10766,10809,10766,P0,,
kodim15.ppm,2,5,3,4,192,128,10567,10807,10567,P0,,
kodim15.ppm,2,6,1,3,96,64,3443,3453,3443,P0,,
kodim15.ppm,2,7,2,3,96,64,3187,3189,3187,P0,,
kodim15.ppm,2,8,3,3,96,64,3272,3342,3272,P0,,
kodim15.ppm,2,9,1,2,48,32,984,985,984,P0,,
kodim16.ppm,0,0,1,5,384,256,44243,44417,44243,P0,,
kodim16.ppm,0,1,2,5,384,256,54131,54944,54131,P0,,
kodim16.ppm,0,10,2,2,48,32,1139,1146,1139,P0,,
kodim16.ppm,0,11,3,2,48,32,1094,1112,1094,P0,,
kodim16.ppm,0,12,1,1,24,16,293,293,293,P0,,
kodim16.ppm,0,13,2,1,24,16,306,305,305,P2,,
kodim16.ppm,0,14,3,1,24,16,298,304,298,P0,,
kodim16.ppm,0,15,0,0,24,16,365,348,348,P2,,
kodim16.ppm,0,2,3,5,384,256,44711,45578,44711,P0,,
kodim16.ppm,0,3,1,4,192,128,13628,13627,13627,P2,,
kodim16.ppm,0,4,2,4,192,128,16067,16103,16067,P0,,
kodim16.ppm,0,5,3,4,192,128,14642,14956,14642,P0,,
kodim16.ppm,0,6,1,3,96,64,3811,3803,3803,P2,,
kodim16.ppm,0,7,2,3,96,64,4247,4263,4247,P0,,
kodim16.ppm,0,8,3,3,96,64,3992,4054,3992,P0,,
kodim16.ppm,0,9,1,2,48,32,1071,1070,1070,P2,,
kodim16.ppm,1,0,1,5,384,256,22486,22108,22108,P2,,
kodim16.ppm,1,1,2,5,384,256,24411,24129,24129,P2,,
kodim16.ppm,1,10,2,2,48,32,664,671,664,P0,,
kodim16.ppm,1,11,3,2,48,32,643,661,643,P0,,
kodim16.ppm,1,12,1,1,24,16,185,174,174,P2,,
kodim16.ppm,1,13,2,1,24,16,266,187,187,P2,,
kodim16.ppm,1,14,3,1,24,16,199,190,190,P2,,
kodim16.ppm,1,15,0,0,24,16,248,289,248,P0,,
kodim16.ppm,1,2,3,5,384,256,25478,26938,25478,P0,,
kodim16.ppm,1,3,1,4,192,128,8182,8160,8160,P2,,
kodim16.ppm,1,4,2,4,192,128,8639,8642,8639,P0,,
kodim16.ppm,1,5,3,4,192,128,8430,8634,8430,P0,,
kodim16.ppm,1,6,1,3,96,64,2234,2230,2230,P2,,
kodim16.ppm,1,7,2,3,96,64,2402,2418,2402,P0,,
kodim16.ppm,1,8,3,3,96,64,2373,2453,2373,P0,,
kodim16.ppm,1,9,1,2,48,32,609,621,609,P0,,
kodim16.ppm,2,0,1,5,384,256,23953,23823,23823,P2,,
kodim16.ppm,2,1,2,5,384,256,26243,25813,25813,P2,,
kodim16.ppm,2,10,2,2,48,32,938,942,938,P0,,
kodim16.ppm,2,11,3,2,48,32,868,881,868,P0,,
kodim16.ppm,2,12,1,1,24,16,244,241,241,P2,,
kodim16.ppm,2,13,2,1,24,16,297,267,267,P2,,
kodim16.ppm,2,14,3,1,24,16,253,253,253,P0,,
kodim16.ppm,2,15,0,0,24,16,322,395,322,P0,,
kodim16.ppm,2,2,3,5,384,256,27076,28207,27076,P0,,
kodim16.ppm,2,3,1,4,192,128,9947,9938,9938,P2,,
kodim16.ppm,2,4,2,4,192,128,11338,11442,11338,P0,,
kodim16.ppm,2,5,3,4,192,128,9942,10148,9942,P0,,
kodim16.ppm,2,6,1,3,96,64,2895,2905,2895,P0,,
kodim16.ppm,2,7,2,3,96,64,3304,3324,3304,P0,,
kodim16.ppm,2,8,3,3,96,64,3044,3108,3044,P0,,
kodim16.ppm,2,9,1,2,48,32,829,834,829,P0,,
kodim17.ppm,0,0,1,5,256,384,47994,48170,47994,P0,,
kodim17.ppm,0,1,2,5,256,384,48410,48608,48410,P0,,
kodim17.ppm,0,10,2,2,32,48,1236,1242,1236,P0,,
kodim17.ppm,0,11,3,2,32,48,1210,1225,1210,P0,,
kodim17.ppm,0,12,1,1,16,24,332,332,332,P0,,
kodim17.ppm,0,13,2,1,16,24,339,341,339,P0,,
kodim17.ppm,0,14,3,1,16,24,339,345,339,P0,,
kodim17.ppm,0,15,0,0,16,24,414,386,386,P2,,
kodim17.ppm,0,2,3,5,256,384,46217,47024,46217,P0,,
kodim17.ppm,0,3,1,4,128,192,14869,14878,14869,P0,,
kodim17.ppm,0,4,2,4,128,192,15026,15000,15000,P2,,
kodim17.ppm,0,5,3,4,128,192,14835,15143,14835,P0,,
kodim17.ppm,0,6,1,3,64,96,4295,4297,4295,P0,,
kodim17.ppm,0,7,2,3,64,96,4336,4335,4335,P2,,
kodim17.ppm,0,8,3,3,64,96,4289,4343,4289,P0,,
kodim17.ppm,0,9,1,2,32,48,1214,1206,1206,P2,,
kodim17.ppm,1,0,1,5,256,384,23394,23343,23343,P2,,
kodim17.ppm,1,1,2,5,256,384,28643,28797,28643,P0,,
kodim17.ppm,1,10,2,2,32,48,734,734,734,P0,,
kodim17.ppm,1,11,3,2,32,48,735,766,735,P0,,
kodim17.ppm,1,12,1,1,16,24,201,196,196,P2,,
kodim17.ppm,1,13,2,1,16,24,273,197,197,P2,,
kodim17.ppm,1,14,3,1,16,24,218,214,214,P2,,
kodim17.ppm,1,15,0,0,16,24,258,451,258,P0,,
kodim17.ppm,1,2,3,5,256,384,26274,27137,26274,P0,,
kodim17.ppm,1,3,1,4,128,192,9004,8947,8947,P2,,
kodim17.ppm,1,4,2,4,128,192,8494,8507,8494,P0,,
kodim17.ppm,1,5,3,4,128,192,8527,8721,8527,P0,,
kodim17.ppm,1,6,1,3,64,96,2532,2527,2527,P2,,
kodim17.ppm,1,7,2,3,64,96,2628,2640,2628,P0,,
kodim17.ppm,1,8,3,3,64,96,2680,2767,2680,P0,,
kodim17.ppm,1,9,1,2,32,48,693,697,693,P0,,
kodim17.ppm,2,0,1,5,256,384,25142,24969,24969,P2,,
kodim17.ppm,2,1,2,5,256,384,33411,33903,33411,P0,,
kodim17.ppm,2,10,2,2,32,48,913,914,913,P0,,
kodim17.ppm,2,11,3,2,32,48,898,923,898,P0,,
kodim17.ppm,2,12,1,1,16,24,255,257,255,P0,,
kodim17.ppm,2,13,2,1,16,24,296,253,253,P2,,
kodim17.ppm,2,14,3,1,16,24,260,264,260,P0,,
kodim17.ppm,2,15,0,0,16,24,320,378,320,P0,,
kodim17.ppm,2,2,3,5,256,384,28598,28661,28598,P0,,
kodim17.ppm,2,3,1,4,128,192,10878,10865,10865,P2,,
kodim17.ppm,2,4,2,4,128,192,10069,10105,10069,P0,,
kodim17.ppm,2,5,3,4,128,192,9799,9982,9799,P0,,
kodim17.ppm,2,6,1,3,64,96,3128,3140,3128,P0,,
kodim17.ppm,2,7,2,3,64,96,3211,3213,3211,P0,,
kodim17.ppm,2,8,3,3,64,96,3219,3308,3219,P0,,
kodim17.ppm,2,9,1,2,32,48,886,890,886,P0,,
kodim18.ppm,0,0,1,5,256,384,60745,61349,60745,P0,,
kodim18.ppm,0,1,2,5,256,384,59681,60224,59681,P0,,
kodim18.ppm,0,10,2,2,32,48,1267,1269,1267,P0,,
kodim18.ppm,0,11,3,2,32,48,1274,1299,1274,P0,,
kodim18.ppm,0,12,1,1,16,24,342,340,340,P2,,
kodim18.ppm,0,13,2,1,16,24,344,340,340,P2,,
kodim18.ppm,0,14,3,1,16,24,335,338,335,P0,,
kodim18.ppm,0,15,0,0,16,24,412,378,378,P2,,
kodim18.ppm,0,2,3,5,256,384,55829,57293,55829,P0,,
kodim18.ppm,0,3,1,4,128,192,18325,18270,18270,P2,,
kodim18.ppm,0,4,2,4,128,192,17901,17810,17810,P2,,
kodim18.ppm,0,5,3,4,128,192,18161,18420,18161,P0,,
kodim18.ppm,0,6,1,3,64,96,4954,4941,4941,P2,,
kodim18.ppm,0,7,2,3,64,96,4808,4791,4791,P2,,
kodim18.ppm,0,8,3,3,64,96,4890,4970,4890,P0,,
kodim18.ppm,0,9,1,2,32,48,1297,1296,1296,P2,,
kodim18.ppm,1,0,1,5,256,384,25427,25261,25261,P2,,
kodim18.ppm,1,1,2,5,256,384,35276,35890,35276,P0,,
kodim18.ppm,1,10,2,2,32,48,972,969,969,P2,,
kodim18.ppm,1,11,3,2,32,48,980,1005,980,P0,,
kodim18.ppm,1,12,1,1,16,24,270,270,270,P0,,
kodim18.ppm,1,13,2,1,16,24,301,273,273,P2,,
kodim18.ppm,1,14,3,1,16,24,273,276,273,P0,,
kodim18.ppm,1,15,0,0,16,24,333,436,333,P0,,
kodim18.ppm,1,2,3,5,256,384,28914,29383,28914,P0,,
kodim18.ppm,1,3,1,4,128,192,11707,11721,11707,P0,,
kodim18.ppm,1,4,2,4,128,192,10777,10879,10777,P0,,
kodim18.ppm,1,5,3,4,128,192,10202,10402,10202,P0,,
kodim18.ppm,1,6,1,3,64,96,3466,3460,3460,P2,,
kodim18.ppm,1,7,2,3,64,96,3516,3507,3507,P2,,
kodim18.ppm,1,8,3,3,64,96,3544,3633,3544,P0,,
kodim18.ppm,1,9,1,2,32,48,972,974,972,P0,,
kodim18.ppm,2,0,1,5,256,384,27876,27558,27558,P2,,
kodim18.ppm,2,1,2,5,256,384,41092,42171,41092,P0,,
kodim18.ppm,2,10,2,2,32,48,1110,1109,1109,P2,,
kodim18.ppm,2,11,3,2,32,48,1137,1166,1137,P0,,
kodim18.ppm,2,12,1,1,16,24,312,317,312,P0,,
kodim18.ppm,2,13,2,1,16,24,325,306,306,P2,,
kodim18.ppm,2,14,3,1,16,24,307,314,307,P0,,
kodim18.ppm,2,15,0,0,16,24,380,416,380,P0,,
kodim18.ppm,2,2,3,5,256,384,31821,31170,31170,P2,,
kodim18.ppm,2,3,1,4,128,192,13846,13918,13846,P0,,
kodim18.ppm,2,4,2,4,128,192,12509,12648,12509,P0,,
kodim18.ppm,2,5,3,4,128,192,11800,12065,11800,P0,,
kodim18.ppm,2,6,1,3,64,96,4091,4100,4091,P0,,
kodim18.ppm,2,7,2,3,64,96,4021,4009,4009,P2,,
kodim18.ppm,2,8,3,3,64,96,4076,4143,4076,P0,,
kodim18.ppm,2,9,1,2,32,48,1141,1144,1141,P0,,
kodim19.ppm,0,0,1,5,256,384,53124,53654,53124,P0,,
kodim19.ppm,0,1,2,5,256,384,54104,54415,54104,P0,,
kodim19.ppm,0,10,2,2,32,48,1205,1204,1204,P2,,
kodim19.ppm,0,11,3,2,32,48,1157,1172,1157,P0,,
kodim19.ppm,0,12,1,1,16,24,312,309,309,P2,,
kodim19.ppm,0,13,2,1,16,24,330,330,330,P0,,
kodim19.ppm,0,14,3,1,16,24,316,321,316,P0,,
kodim19.ppm,0,15,0,0,16,24,408,375,375,P2,,
kodim19.ppm,0,2,3,5,256,384,49891,50758,49891,P0,,
kodim19.ppm,0,3,1,4,128,192,15349,15443,15349,P0,,
kodim19.ppm,0,4,2,4,128,192,15970,15964,15964,P2,,
kodim19.ppm,0,5,3,4,128,192,15591,15854,15591,P0,,
kodim19.ppm,0,6,1,3,64,96,4145,4177,4145,P0,,
kodim19.ppm,0,7,2,3,64,96,4371,4378,4371,P0,,
kodim19.ppm,0,8,3,3,64,96,4172,4235,4172,P0,,
kodim19.ppm,0,9,1,2,32,48,1147,1152,1147,P0,,
kodim19.ppm,1,0,1,5,256,384,24312,24246,24246,P2,,
kodim19.ppm,1,1,2,5,256,384,30224,30451,30224,P0,,
kodim19.ppm,1,10,2,2,32,48,719,721,719,P0,,
kodim19.ppm,1,11,3,2,32,48,723,746,723,P0,,
kodim19.ppm,1,12,1,1,16,24,201,186,186,P2,,
kodim19.ppm,1,13,2,1,16,24,277,197,197,P2,,
kodim19.ppm,1,14,3,1,16,24,207,197,197,P2,,
kodim19.ppm,1,15,0,0,16,24,253,376,253,P0,,
kodim19.ppm,1,2,3,5,256,384,27386,28220,27386,P0,,
kodim19.ppm,1,3,1,4,128,192,9641,9626,9626,P2,,
kodim19.ppm,1,4,2,4,128,192,8983,9013,8983,P0,,
kodim19.ppm,1,5,3,4,128,192,8850,9035,8850,P0,,
kodim19.ppm,1,6,1,3,64,96,2641,2647,2641,P0,,
kodim19.ppm,1,7,2,3,64,96,2723,2728,2723,P0,,
kodim19.ppm,1,8,3,3,64,96,2758,2842,2758,P0,,
kodim19.ppm,1,9,1,2,32,48,691,700,691,P0,,
kodim19.ppm,2,0,1,5,256,384,26302,26113,26113,P2,,
kodim19.ppm,2,1,2,5,256,384,36522,37463,36522,P0,,
kodim19.ppm,2,10,2,2,32,48,1005,1004,1004,P2,,
kodim19.ppm,2,11,3,2,32,48,952,972,952,P0,,
kodim19.ppm,2,12,1,1,16,24,264,267,264,P0,,
kodim19.ppm,2,13,2,1,16,24,310,285,285,P2,,
kodim19.ppm,2,14,3,1,16,24,268,274,268,P0,,
kodim19.ppm,2,15,0,0,16,24,342,400,342,P0,,
kodim19.ppm,2,2,3,5,256,384,30046,29876,29876,P2,,
kodim19.ppm,2,3,1,4,128,192,11737,11761,11737,P0,,
kodim19.ppm,2,4,2,4,128,192,11077,11202,11077,P0,,
kodim19.ppm,2,5,3,4,128,192,10343,10483,10343,P0,,
kodim19.ppm,2,6,1,3,64,96,3330,3341,3330,P0,,
kodim19.ppm,2,7,2,3,64,96,3573,3582,3573,P0,,
kodim19.ppm,2,8,3,3,64,96,3411,3475,3411,P0,,
kodim19.ppm,2,9,1,2,32,48,935,938,935,P0,,
kodim20.ppm,0,0,1,5,384,256,40405,40340,40340,P2,,
kodim20.ppm,0,1,2,5,384,256,41920,41862,41862,P2,,
kodim20.ppm,0,10,2,2,48,32,989,985,985,P2,,
kodim20.ppm,0,11,3,2,48,32,942,961,942,P0,,
kodim20.ppm,0,12,1,1,24,16,284,268,268,P2,,
kodim20.ppm,0,13,2,1,24,16,323,295,295,P2,,
kodim20.ppm,0,14,3,1,24,16,291,281,281,P2,,
kodim20.ppm,0,15,0,0,24,16,396,394,394,P2,,
kodim20.ppm,0,2,3,5,384,256,39708,40147,39708,P0,,
kodim20.ppm,0,3,1,4,192,128,12081,11964,11964,P2,,
kodim20.ppm,0,4,2,4,192,128,12643,12563,12563,P2,,
kodim20.ppm,0,5,3,4,192,128,12471,12760,12471,P0,,
kodim20.ppm,0,6,1,3,96,64,3346,3319,3319,P2,,
kodim20.ppm,0,7,2,3,96,64,3507,3492,3492,P2,,
kodim20.ppm,0,8,3,3,96,64,3383,3460,3383,P0,,
kodim20.ppm,0,9,1,2,48,32,934,927,927,P2,,
kodim20.ppm,1,0,1,5,384,256,26117,25736,25736,P2,,
kodim20.ppm,1,1,2,5,384,256,27271,26841,26841,P2,,
kodim20.ppm,1,10,2,2,48,32,743,741,741,P2,,
kodim20.ppm,1,11,3,2,48,32,712,739,712,P0,,
kodim20.ppm,1,12,1,1,24,16,207,192,192,P2,,
kodim20.ppm,1,13,2,1,24,16,279,210,210,P2,,
kodim20.ppm,1,14,3,1,24,16,214,205,205,P2,,
kodim20.ppm,1,15,0,0,24,16,263,381,263,P0,,
kodim20.ppm,1,2,3,5,384,256,28183,29129,28183,P0,,
kodim20.ppm,1,3,1,4,192,128,9055,9046,9046,P2,,
kodim20.ppm,1,4,2,4,192,128,9260,9266,9260,P0,,
kodim20.ppm,1,5,3,4,192,128,9137,9405,9137,P0,,
kodim20.ppm,1,6,1,3,96,64,2512,2504,2504,P2,,
kodim20.ppm,1,7,2,3,96,64,2609,2613,2609,P0,,
kodim20.ppm,1,8,3,3,96,64,2581,2660,2581,P0,,
kodim20.ppm,1,9,1,2,48,32,683,684,683,P0,,
kodim20.ppm,2,0,1,5,384,256,32102,31863,31863,P2,,
kodim20.ppm,2,1,2,5,384,256,33381,32819,32819,P2,,
kodim20.ppm,2,10,2,2,48,32,942,947,942,P0,,
kodim20.ppm,2,11,3,2,48,32,900,919,900,P0,,
kodim20.ppm,2,12,1,1,24,16,256,252,252,P2,,
kodim20.ppm,2,13,2,1,24,16,314,271,271,P2,,
kodim20.ppm,2,14,3,1,24,16,264,265,264,P0,,
kodim20.ppm,2,15,0,0,24,16,335,397,335,P0,,
kodim20.ppm,2,2,3,5,384,256,33990,34958,33990,P0,,
kodim20.ppm,2,3,1,4,192,128,11230,11212,11212,P2,,
kodim20.ppm,2,4,2,4,192,128,11581,11610,11581,P0,,
kodim20.ppm,2,5,3,4,192,128,11198,11447,11198,P0,,
kodim20.ppm,2,6,1,3,96,64,3138,3121,3121,P2,,
kodim20.ppm,2,7,2,3,96,64,3325,3324,3324,P2,,
kodim20.ppm,2,8,3,3,96,64,3193,3262,3193,P0,,
kodim20.ppm,2,9,1,2,48,32,883,878,878,P2,,
kodim21.ppm,0,0,1,5,384,256,52156,52267,52156,P0,,
kodim21.ppm,0,1,2,5,384,256,56950,57475,56950,P0,,
kodim21.ppm,0,10,2,2,48,32,1158,1164,1158,P0,,
kodim21.ppm,0,11,3,2,48,32,1109,1130,1109,P0,,
kodim21.ppm,0,12,1,1,24,16,301,299,299,P2,,
kodim21.ppm,0,13,2,1,24,16,332,331,331,P2,,
kodim21.ppm,0,14,3,1,24,16,308,316,308,P0,,
kodim21.ppm,0,15,0,0,24,16,392,378,378,P2,,
kodim21.ppm,0,2,3,5,384,256,51629,52645,51629,P0,,
kodim21.ppm,0,3,1,4,192,128,15088,15039,15039,P2,,
kodim21.ppm,0,4,2,4,192,128,16402,16421,16402,P0,,
kodim21.ppm,0,5,3,4,192,128,15960,16249,15960,P0,,
kodim21.ppm,0,6,1,3,96,64,4016,4009,4009,P2,,
kodim21.ppm,0,7,2,3,96,64,4364,4377,4364,P0,,
kodim21.ppm,0,8,3,3,96,64,4157,4242,4157,P0,,
kodim21.ppm,0,9,1,2,48,32,1095,1088,1088,P2,,
kodim21.ppm,1,0,1,5,384,256,24800,24310,24310,P2,,
kodim21.ppm,1,1,2,5,384,256,25982,25455,25455,P2,,
kodim21.ppm,1,10,2,2,48,32,763,772,763,P0,,
kodim21.ppm,1,11,3,2,48,32,736,755,736,P0,,
kodim21.ppm,1,12,1,1,24,16,207,200,200,P2,,
kodim21.ppm,1,13,2,1,24,16,286,224,224,P2,,
kodim21.ppm,1,14,3,1,24,16,222,215,215,P2,,
kodim21.ppm,1,15,0,0,24,16,269,351,269,P0,,
kodim21.ppm,1,2,3,5,384,256,26967,28834,26967,P0,,
kodim21.ppm,1,3,1,4,192,128,9478,9440,9440,P2,,
kodim21.ppm,1,4,2,4,192,128,10028,10037,10028,P0,,
kodim21.ppm,1,5,3,4,192,128,9554,9786,9554,P0,,
kodim21.ppm,1,6,1,3,96,64,2621,2625,2621,P0,,
kodim21.ppm,1,7,2,3,96,64,2820,2837,2820,P0,,
kodim21.ppm,1,8,3,3,96,64,2746,2825,2746,P0,,
kodim21.ppm,1,9,1,2,48,32,706,713,706,P0,,
kodim21.ppm,2,0,1,5,384,256,26825,26662,26662,P2,,
kodim21.ppm,2,1,2,5,384,256,28606,27891,27891,P2,,
kodim21.ppm,2,10,2,2,48,32,1035,1040,1035,P0,,
kodim21.ppm,2,11,3,2,48,32,986,1011,986,P0,,
kodim21.ppm,2,12,1,1,24,16,272,272,272,P0,,
kodim21.ppm,2,13,2,1,24,16,323,297,297,P2,,
kodim21.ppm,2,14,3,1,24,16,281,283,281,P0,,
kodim21.ppm,2,15,0,0,24,16,349,415,349,P0,,
kodim21.ppm,2,2,3,5,384,256,29460,30888,29460,P0,,
kodim21.ppm,2,3,1,4,192,128,11810,11830,11810,P0,,
kodim21.ppm,2,4,2,4,192,128,12577,12707,12577,P0,,
kodim21.ppm,2,5,3,4,192,128,11479,11706,11479,P0,,
kodim21.ppm,2,6,1,3,96,64,3426,3431,3426,P0,,
kodim21.ppm,2,7,2,3,96,64,3735,3763,3735,P0,,
kodim21.ppm,2,8,3,3,96,64,3520,3605,3520,P0,,
kodim21.ppm,2,9,1,2,48,32,954,957,954,P0,,
kodim22.ppm,0,0,1,5,384,256,54950,55648,54950,P0,,
kodim22.ppm,0,1,2,5,384,256,53229,53767,53229,P0,,
kodim22.ppm,0,10,2,2,48,32,1187,1188,1187,P0,,
kodim22.ppm,0,11,3,2,48,32,1168,1192,1168,P0,,
kodim22.ppm,0,12,1,1,24,16,314,311,311,P2,,
kodim22.ppm,0,13,2,1,24,16,323,324,323,P0,,
kodim22.ppm,0,14,3,1,24,16,315,322,315,P0,,
kodim22.ppm,0,15,0,0,24,16,391,363,363,P2,,
kodim22.ppm,0,2,3,5,384,256,49455,50234,49455,P0,,
kodim22.ppm,0,3,1,4,192,128,16678,16708,16678,P0,,
kodim22.ppm,0,4,2,4,192,128,16182,16163,16163,P2,,
kodim22.ppm,0,5,3,4,192,128,16291,16536,16291,P0,,
kodim22.ppm,0,6,1,3,96,64,4485,4484,4484,P2,,
kodim22.ppm,0,7,2,3,96,64,4386,4392,4386,P0,,
kodim22.ppm,0,8,3,3,96,64,4433,4499,4433,P0,,
kodim22.ppm,0,9,1,2,48,32,1181,1182,1181,P0,,
kodim22.ppm,1,0,1,5,384,256,26008,25534,25534,P2,,
kodim22.ppm,1,1,2,5,384,256,26914,26262,26262,P2,,
kodim22.ppm,1,10,2,2,48,32,971,977,971,P0,,
kodim22.ppm,1,11,3,2,48,32,952,977,952,P0,,
kodim22.ppm,1,12,1,1,24,16,265,262,262,P2,,
kodim22.ppm,1,13,2,1,24,16,302,276,276,P2,,
kodim22.ppm,1,14,3,1,24,16,263,265,263,P0,,
kodim22.ppm,1,15,0,0,24,16,330,428,330,P0,,
kodim22.ppm,1,2,3,5,384,256,27829,29637,27829,P0,,
kodim22.ppm,1,3,1,4,192,128,11579,11675,11579,P0,,
kodim22.ppm,1,4,2,4,192,128,11317,11392,11317,P0,,
kodim22.ppm,1,5,3,4,192,128,10509,10717,10509,P0,,
kodim22.ppm,1,6,1,3,96,64,3495,3514,3495,P0,,
kodim22.ppm,1,7,2,3,96,64,3405,3420,3405,P0,,
kodim22.ppm,1,8,3,3,96,64,3392,3454,3392,P0,,
kodim22.ppm,1,9,1,2,48,32,955,959,955,P0,,
kodim22.ppm,2,0,1,5,384,256,27870,27662,27662,P2,,
kodim22.ppm,2,1,2,5,384,256,29062,28452,28452,P2,,
kodim22.ppm,2,10,2,2,48,32,1062,1064,1062,P0,,
kodim22.ppm,2,11,3,2,48,32,1052,1073,1052,P0,,
kodim22.ppm,2,12,1,1,24,16,300,300,300,P0,,
kodim22.ppm,2,13,2,1,24,16,324,301,301,P2,,
kodim22.ppm,2,14,3,1,24,16,291,297,291,P0,,
kodim22.ppm,2,15,0,0,24,16,379,397,379,P0,,
kodim22.ppm,2,2,3,5,384,256,30130,31472,30130,P0,,
kodim22.ppm,2,3,1,4,192,128,13028,13147,13028,P0,,
kodim22.ppm,2,4,2,4,192,128,12642,12704,12642,P0,,
kodim22.ppm,2,5,3,4,192,128,11869,12070,11869,P0,,
kodim22.ppm,2,6,1,3,96,64,3866,3892,3866,P0,,
kodim22.ppm,2,7,2,3,96,64,3744,3751,3744,P0,,
kodim22.ppm,2,8,3,3,96,64,3710,3768,3710,P0,,
kodim22.ppm,2,9,1,2,48,32,1074,1081,1074,P0,,
kodim23.ppm,0,0,1,5,384,256,41692,41868,41692,P0,,
kodim23.ppm,0,1,2,5,384,256,40375,40349,40349,P2,,
kodim23.ppm,0,10,2,2,48,32,1001,995,995,P2,,
kodim23.ppm,0,11,3,2,48,32,987,1000,987,P0,,
kodim23.ppm,0,12,1,1,24,16,319,317,317,P2,,
kodim23.ppm,0,13,2,1,24,16,304,300,300,P2,,
kodim23.ppm,0,14,3,1,24,16,303,306,303,P0,,
kodim23.ppm,0,15,0,0,24,16,415,370,370,P2,,
kodim23.ppm,0,2,3,5,384,256,39622,40144,39622,P0,,
kodim23.ppm,0,3,1,4,192,128,12434,12438,12434,P0,,
kodim23.ppm,0,4,2,4,192,128,11857,11861,11857,P0,,
kodim23.ppm,0,5,3,4,192,128,12420,12792,12420,P0,,
kodim23.ppm,0,6,1,3,96,64,3522,3529,3522,P0,,
kodim23.ppm,0,7,2,3,96,64,3343,3351,3343,P0,,
kodim23.ppm,0,8,3,3,96,64,3376,3452,3376,P0,,
kodim23.ppm,0,9,1,2,48,32,1052,1054,1052,P0,,
kodim23.ppm,1,0,1,5,384,256,24602,24249,24249,P2,,
kodim23.ppm,1,1,2,5,384,256,25191,24875,24875,P2,,
kodim23.ppm,1,10,2,2,48,32,863,861,861,P2,,
kodim23.ppm,1,11,3,2,48,32,867,887,867,P0,,
kodim23.ppm,1,12,1,1,24,16,291,291,291,P0,,
kodim23.ppm,1,13,2,1,24,16,304,267,267,P2,,
kodim23.ppm,1,14,3,1,24,16,273,275,273,P0,,
kodim23.ppm,1,15,0,0,24,16,373,424,373,P0,,
kodim23.ppm,1,2,3,5,384,256,26701,28412,26701,P0,,
kodim23.ppm,1,3,1,4,192,128,9750,9787,9750,P0,,
kodim23.ppm,1,4,2,4,192,128,9491,9499,9491,P0,,
kodim23.ppm,1,5,3,4,192,128,9255,9520,9255,P0,,
kodim23.ppm,1,6,1,3,96,64,2967,2989,2967,P0,,
kodim23.ppm,1,7,2,3,96,64,2843,2846,2843,P0,,
kodim23.ppm,1,8,3,3,96,64,2863,2934,2863,P0,,
kodim23.ppm,1,9,1,2,48,32,918,925,918,P0,,
kodim23.ppm,2,0,1,5,384,256,26541,26367,26367,P2,,
kodim23.ppm,2,1,2,5,384,256,27207,26809,26809,P2,,
kodim23.ppm,2,10,2,2,48,32,983,976,976,P2,,
kodim23.ppm,2,11,3,2,48,32,967,994,967,P0,,
kodim23.ppm,2,12,1,1,24,16,320,324,320,P0,,
kodim23.ppm,2,13,2,1,24,16,330,294,294,P2,,
kodim23.ppm,2,14,3,1,24,16,300,304,300,P0,,
kodim23.ppm,2,15,0,0,24,16,415,414,414,P2,,
kodim23.ppm,2,2,3,5,384,256,28768,30031,28768,P0,,
kodim23.ppm,2,3,1,4,192,128,11169,11260,11169,P0,,
kodim23.ppm,2,4,2,4,192,128,10677,10686,10677,P0,,
kodim23.ppm,2,5,3,4,192,128,10360,10597,10360,P0,,
kodim23.ppm,2,6,1,3,96,64,3388,3406,3388,P0,,
kodim23.ppm,2,7,2,3,96,64,3230,3230,3230,P0,,
kodim23.ppm,2,8,3,3,96,64,3248,3320,3248,P0,,
kodim23.ppm,2,9,1,2,48,32,1030,1034,1030,P0,,
kodim24.ppm,0,0,1,5,384,256,56994,57684,56994,P0,,
kodim24.ppm,0,1,2,5,384,256,55663,55978,55663,P0,,
kodim24.ppm,0,10,2,2,48,32,1314,1308,1308,P2,,
kodim24.ppm,0,11,3,2,48,32,1295,1308,1295,P0,,
kodim24.ppm,0,12,1,1,24,16,348,348,348,P0,,
kodim24.ppm,0,13,2,1,24,16,359,356,356,P2,,
kodim24.ppm,0,14,3,1,24,16,350,355,350,P0,,
kodim24.ppm,0,15,0,0,24,16,441,391,391,P2,,
kodim24.ppm,0,2,3,5,384,256,50576,51383,50576,P0,,
kodim24.ppm,0,3,1,4,192,128,17887,17866,17866,P2,,
kodim24.ppm,0,4,2,4,192,128,17379,17281,17281,P2,,
kodim24.ppm,0,5,3,4,192,128,17346,17559,17346,P0,,
kodim24.ppm,0,6,1,3,96,64,4935,4939,4935,P0,,
kodim24.ppm,0,7,2,3,96,64,4835,4819,4819,P2,,
kodim24.ppm,0,8,3,3,96,64,4835,4916,4835,P0,,
kodim24.ppm,0,9,1,2,48,32,1300,1306,1300,P0,,
kodim24.ppm,1,0,1,5,384,256,26976,26601,26601,P2,,
kodim24.ppm,1,1,2,5,384,256,27436,26831,26831,P2,,
kodim24.ppm,1,10,2,2,48,32,888,886,886,P2,,
kodim24.ppm,1,11,3,2,48,32,887,902,887,P0,,
kodim24.ppm,1,12,1,1,24,16,244,246,244,P0,,
kodim24.ppm,1,13,2,1,24,16,287,246,246,P2,,
kodim24.ppm,1,14,3,1,24,16,245,248,245,P0,,
kodim24.ppm,1,15,0,0,24,16,303,416,303,P0,,
kodim24.ppm,1,2,3,5,384,256,28702,30286,28702,P0,,
kodim24.ppm,1,3,1,4,192,128,10951,10979,10951,P0,,
kodim24.ppm,1,4,2,4,192,128,10686,10685,10685,P2,,
kodim24.ppm,1,5,3,4,192,128,10331,10527,10331,P0,,
kodim24.ppm,1,6,1,3,96,64,3209,3224,3209,P0,,
kodim24.ppm,1,7,2,3,96,64,3166,3167,3166,P0,,
kodim24.ppm,1,8,3,3,96,64,3133,3210,3133,P0,,
kodim24.ppm,1,9,1,2,48,32,867,873,867,P0,,
kodim24.ppm,2,0,1,5,384,256,29108,28806,28806,P2,,
kodim24.ppm,2,1,2,5,384,256,29973,29146,29146,P2,,
kodim24.ppm,2,10,2,2,48,32,1078,1078,1078,P0,,
kodim24.ppm,2,11,3,2,48,32,1057,1074,1057,P0,,
kodim24.ppm,2,12,1,1,24,16,295,297,295,P0,,
kodim24.ppm,2,13,2,1,24,16,323,306,306,P2,,
kodim24.ppm,2,14,3,1,24,16,292,298,292,P0,,
kodim24.ppm,2,15,0,0,24,16,366,391,366,P0,,
kodim24.ppm,2,2,3,5,384,256,31088,32099,31088,P0,,
kodim24.ppm,2,3,1,4,192,128,12711,12797,12711,P0,,
kodim24.ppm,2,4,2,4,192,128,12409,12427,12409,P0,,
kodim24.ppm,2,5,3,4,192,128,11662,11834,11662,P0,,
kodim24.ppm,2,6,1,3,96,64,3820,3847,3820,P0,,
kodim24.ppm,2,7,2,3,96,64,3794,3796,3794,P0,,
kodim24.ppm,2,8,3,3,96,64,3694,3770,3694,P0,,
kodim24.ppm,2,9,1,2,48,32,1072,1076,1072,P0,,
