R1A_SWEEP,K,effort,image,single_bytes,r1a_bytes,delta_pct,single_bpp,r1a_bpp,model_bpp,single_decode_ms,r1a_decode_ms
R1A_SWEEP,16,3,kodim01.ppm,538244,545910,1.42426,3.6502,3.70219,0.000250922,160.491,170.563
R1A_SWEEP,16,3,kodim05.ppm,586481,599775,2.26674,3.97733,4.06748,0.00101047,172.767,186.405
R1A_SWEEP,16,3,kodim13.ppm,641348,649920,1.33656,4.34942,4.40755,0.00101047,183.371,198.502
R1A_SWEEP,16,3,kodim19.ppm,509287,526008,3.28322,3.45382,3.56722,0.000250922,151.329,165.469
R1A_SUMMARY,16,3,median_delta,2.26674,total_delta,2.03278,worst_delta,3.28322,avg_model_bpp,0.000630697,decode_ratio,1.07932
R1A_SWEEP,16,5,kodim01.ppm,538244,545910,1.42426,3.6502,3.70219,0.000250922,161.989,170.649
R1A_SWEEP,16,5,kodim05.ppm,586481,599775,2.26674,3.97733,4.06748,0.00101047,172.281,187.802
R1A_SWEEP,16,5,kodim13.ppm,641348,649920,1.33656,4.34942,4.40755,0.00101047,185.566,199.375
R1A_SWEEP,16,5,kodim19.ppm,509287,526008,3.28322,3.45382,3.56722,0.000250922,151.134,164.873
R1A_SUMMARY,16,5,median_delta,2.26674,total_delta,2.03278,worst_delta,3.28322,avg_model_bpp,0.000630697,decode_ratio,1.0771
R1A_SWEEP,16,7,kodim01.ppm,538244,545910,1.42426,3.6502,3.70219,0.000250922,160.838,170.228
R1A_SWEEP,16,7,kodim05.ppm,586481,599775,2.26674,3.97733,4.06748,0.00101047,172.411,186.675
R1A_SWEEP,16,7,kodim13.ppm,641348,649920,1.33656,4.34942,4.40755,0.00101047,183.709,198.379
R1A_SWEEP,16,7,kodim19.ppm,509287,526008,3.28322,3.45382,3.56722,0.000250922,151.709,164.871
R1A_SUMMARY,16,7,median_delta,2.26674,total_delta,2.03278,worst_delta,3.28322,avg_model_bpp,0.000630697,decode_ratio,1.077
R1A_SWEEP,32,3,kodim01.ppm,538244,545910,1.42426,3.6502,3.70219,0.000250922,161.694,170.308
R1A_SWEEP,32,3,kodim05.ppm,586481,599942,2.29522,3.97733,4.06862,0.00177002,172.301,186.893
R1A_SWEEP,32,3,kodim13.ppm,641348,650012,1.3509,4.34942,4.40818,0.00143772,193.612,198.846
R1A_SWEEP,32,3,kodim19.ppm,509287,526008,3.28322,3.45382,3.56722,0.000250922,151.918,164.895
R1A_SUMMARY,32,3,median_delta,2.29522,total_delta,2.04416,worst_delta,3.28322,avg_model_bpp,0.000927395,decode_ratio,1.06095
R1A_SWEEP,32,5,kodim01.ppm,538244,545910,1.42426,3.6502,3.70219,0.000250922,160.978,170.608
R1A_SWEEP,32,5,kodim05.ppm,586481,599942,2.29522,3.97733,4.06862,0.00177002,173.596,186.755
R1A_SWEEP,32,5,kodim13.ppm,641348,650012,1.3509,4.34942,4.40818,0.00143772,184.173,198.65
R1A_SWEEP,32,5,kodim19.ppm,509287,526008,3.28322,3.45382,3.56722,0.000250922,151.553,165.597
R1A_SUMMARY,32,5,median_delta,2.29522,total_delta,2.04416,worst_delta,3.28322,avg_model_bpp,0.000927395,decode_ratio,1.07655
R1A_SWEEP,32,7,kodim01.ppm,538244,545910,1.42426,3.6502,3.70219,0.000250922,161.442,170.773
R1A_SWEEP,32,7,kodim05.ppm,586481,599942,2.29522,3.97733,4.06862,0.00177002,173.147,187.179
R1A_SWEEP,32,7,kodim13.ppm,641348,650012,1.3509,4.34942,4.40818,0.00143772,183.967,199.248
R1A_SWEEP,32,7,kodim19.ppm,509287,526008,3.28322,3.45382,3.56722,0.000250922,151.438,165.406
R1A_SUMMARY,32,7,median_delta,2.29522,total_delta,2.04416,worst_delta,3.28322,avg_model_bpp,0.000927395,decode_ratio,1.07853
R1A_SWEEP,64,3,kodim01.ppm,538244,545910,1.42426,3.6502,3.70219,0.000250922,162.35,170.971
R1A_SWEEP,64,3,kodim05.ppm,586481,599958,2.29794,3.97733,4.06873,0.00186496,172.924,187.11
R1A_SWEEP,64,3,kodim13.ppm,641348,650012,1.3509,4.34942,4.40818,0.00143772,183.399,198.618
R1A_SWEEP,64,3,kodim19.ppm,509287,526008,3.28322,3.45382,3.56722,0.000250922,151.525,165.273
R1A_SUMMARY,64,3,median_delta,2.29794,total_delta,2.04486,worst_delta,3.28322,avg_model_bpp,0.000951131,decode_ratio,1.07725
R1A_SWEEP,64,5,kodim01.ppm,538244,545910,1.42426,3.6502,3.70219,0.000250922,160.737,170.59
R1A_SWEEP,64,5,kodim05.ppm,586481,599958,2.29794,3.97733,4.06873,0.00186496,172.564,186.954
R1A_SWEEP,64,5,kodim13.ppm,641348,650012,1.3509,4.34942,4.40818,0.00143772,185.284,199.19
R1A_SWEEP,64,5,kodim19.ppm,509287,526008,3.28322,3.45382,3.56722,0.000250922,151.34,164.938
R1A_SUMMARY,64,5,median_delta,2.29794,total_delta,2.04486,worst_delta,3.28322,avg_model_bpp,0.000951131,decode_ratio,1.07724
R1A_SWEEP,64,7,kodim01.ppm,538244,545910,1.42426,3.6502,3.70219,0.000250922,161.204,170.811
R1A_SWEEP,64,7,kodim05.ppm,586481,599958,2.29794,3.97733,4.06873,0.00186496,172.711,187.082
R1A_SWEEP,64,7,kodim13.ppm,641348,650012,1.3509,4.34942,4.40818,0.00143772,184.337,198.905
R1A_SWEEP,64,7,kodim19.ppm,509287,526008,3.28322,3.45382,3.56722,0.000250922,151.482,165.106
R1A_SUMMARY,64,7,median_delta,2.29794,total_delta,2.04486,worst_delta,3.28322,avg_model_bpp,0.000951131,decode_ratio,1.07731
