R1A_SWEEP,K,effort,image,single_bytes,r1a_bytes,delta_pct,single_bpp,r1a_bpp,model_bpp
R1A_SWEEP,32,5,kodim01.ppm,709847,733910,3.38989,4.81396,4.97715,0.00442844
R1A_SWEEP,32,5,kodim05.ppm,709944,734087,3.40069,4.81462,4.97835,0.00366889
R1A_SWEEP,32,5,kodim13.ppm,710406,733226,3.21225,4.81775,4.97251,0.00414361
R1A_SWEEP,32,5,kodim19.ppm,709638,733931,3.42329,4.81254,4.97729,0.00414361
R1A_SUMMARY,32,5,median_delta,3.40069,total_delta,3.3565

R1A_GATE,primary,32,5,median_delta,3.40069,threshold,-5.0,FAIL

R1A_VERDICT,FAIL,best_K,32,best_effort,5,best_median_delta,3.40069
